signal,kind,delta,dte,exit,tp,train_n,train_win,train_avg,train_pf,validate_n,validate_win,validate_avg,validate_pf,holdout_n,holdout_win,holdout_avg,holdout_pf
RSI2<10 up,put_credit,0.2,7,hold,0.5,264,87.87878787878788,1.9276530861270054,1.229816616132775,156,82.6923076923077,-0.1520050682655494,0.9882038320644915,29,93.10344827586206,14.355807038291767,15.7618529013776
RSI2<10 up,put_credit,0.2,7,hold,,259,86.48648648648648,2.840884828230828,1.3116384278442457,151,81.45695364238411,1.6884649840803145,1.1226375200489878,27,88.88888888888889,15.762714302015898,15.72946111128099
RSI2<10 up,put_credit,0.2,7,signal,0.5,267,84.6441947565543,0.016555957648209975,1.0021532919650622,162,85.18518518518519,2.0746679396385526,1.2322182086453402,31,100.0,13.965275942631655,inf
RSI2<10 up,put_credit,0.2,14,hold,0.5,238,91.59663865546219,4.222526841489524,1.569894290147435,143,85.3146853146853,-3.0925754155943217,0.8161791618031446,24,91.66666666666666,12.20649753978519,9.02607060909878
RSI2<10 up,put_credit,0.2,14,hold,,215,89.30232558139535,6.56983871825787,1.8446034063990189,131,80.91603053435115,-3.3861021644533573,0.8342375106111597,21,90.47619047619048,16.027715565064334,10.221288035934755
RSI2<10 up,put_credit,0.2,14,signal,0.5,259,74.5173745173745,-0.5509239060855392,0.9068851181916601,160,78.125,1.5315762720279555,1.2655223266825442,29,96.55172413793103,9.973747534716983,49.650582307170986
RSI2<10 up,put_credit,0.2,21,hold,0.5,218,93.11926605504587,4.940849755431584,1.6402489857410665,132,87.12121212121212,-2.326706246262823,0.8592509390865781,22,90.9090909090909,9.11841089481452,3.0865840565740505
RSI2<10 up,put_credit,0.2,21,hold,,189,91.53439153439153,7.923619263223267,1.9611792400543409,112,81.25,0.40065632910514487,1.0222080672574818,18,88.88888888888889,12.86783011989116,3.4091945338577228
RSI2<10 up,put_credit,0.2,21,signal,0.5,257,68.8715953307393,-0.7303478544109568,0.8470323201137469,160,70.0,0.8541511716049992,1.1726967319473949,29,89.65517241379311,7.815080003297367,24.661791453256566
RSI2<10 up,put_credit,0.3,7,hold,0.5,263,85.93155893536122,5.6070743139840955,1.3877200612045233,155,81.93548387096774,4.887069876273236,1.191078845829409,30,93.33333333333333,34.90273694530311,9.201779075329915
RSI2<10 up,put_credit,0.3,7,hold,,259,82.62548262548263,7.289932003436759,1.4426634511121856,151,78.1456953642384,9.76219903269625,1.3502975855661383,27,88.88888888888889,32.88653741558281,6.768513079252033
RSI2<10 up,put_credit,0.3,7,signal,0.5,267,82.39700374531836,2.8533678067378734,1.227111235985121,161,83.85093167701864,9.914830836931085,1.5898756574578052,31,93.54838709677419,32.25169016921022,18.99146454014178
RSI2<10 up,put_credit,0.3,14,hold,0.5,238,89.07563025210085,10.115946740391914,1.7552518398380361,142,81.69014084507043,-2.415817482732001,0.9296710920164923,24,83.33333333333334,13.209106288957619,1.7737169547643847
RSI2<10 up,put_credit,0.3,14,hold,,215,81.86046511627907,13.149292035761551,1.8280859253411987,131,75.57251908396947,-0.32635616659283917,0.9921645114806646,21,80.95238095238095,20.294208531708144,2.040132940934001
RSI2<10 up,put_credit,0.3,14,signal,0.5,259,80.3088803088803,1.8060549967388118,1.1780978423475448,160,78.75,7.158730288627817,1.6182126015899754,29,96.55172413793103,25.10959384677364,46.976866965373134
RSI2<10 up,put_credit,0.3,21,hold,0.5,223,89.68609865470853,13.461789485558173,2.035638069682426,132,82.57575757575758,-0.01682062980988842,0.9994811565473909,23,86.95652173913044,12.619606610773996,1.5431549577812678
RSI2<10 up,put_credit,0.3,21,hold,,189,83.06878306878306,15.276270026467872,1.8447765625804609,112,75.89285714285714,4.105931144653833,1.1038506743494134,18,83.33333333333334,15.801482606561601,1.532255842866033
RSI2<10 up,put_credit,0.3,21,signal,0.5,257,74.70817120622569,2.224639101434302,1.2668280251596156,160,73.75,6.496033963969009,1.7244803399871769,29,93.10344827586206,20.091526121661026,26.53318807373729
RSI2<10 up,put_credit,0.4,7,hold,0.5,261,83.9080459770115,10.685093090102464,1.4990520287062117,155,78.70967741935485,8.848699355036572,1.2784738341124848,29,86.20689655172413,33.24931376201583,3.5563353455412328
RSI2<10 up,put_credit,0.4,7,hold,,259,80.3088803088803,13.063433114952442,1.5404432671308588,151,72.18543046357617,12.080719277660112,1.3262392973018793,27,66.66666666666666,21.828535054844306,2.226095572894504
RSI2<10 up,put_credit,0.4,7,signal,0.5,266,82.33082706766918,6.044253442559877,1.326837027222476,161,80.12422360248446,11.65622240310061,1.5465080836407705,31,90.32258064516128,34.60445837953012,6.12588931895252
RSI2<10 up,put_credit,0.4,14,hold,0.5,235,84.25531914893617,13.855126073094238,1.5999656967093734,141,79.43262411347519,5.876785499839671,1.151065781305432,24,79.16666666666666,4.629644027813104,1.1231350824095965
RSI2<10 up,put_credit,0.4,14,hold,,215,74.4186046511628,15.73279636900263,1.563463019285556,131,70.99236641221374,3.636677710799298,1.070900933728427,21,71.42857142857143,1.320781459530296,1.0284714265635218
RSI2<10 up,put_credit,0.4,14,signal,0.5,259,79.53667953667953,4.214268235588606,1.3020528922887993,160,73.75,7.293335407533386,1.4827988081148749,29,93.10344827586206,25.786010406631785,10.348363338247328
RSI2<10 up,put_credit,0.4,21,hold,0.5,221,83.2579185520362,12.562878374326331,1.5230617050252024,129,75.1937984496124,-3.846597811258914,0.9142041120550684,21,76.19047619047619,9.849538775544554,1.2949691966577996
RSI2<10 up,put_credit,0.4,21,hold,,189,74.60317460317461,17.36634760417169,1.5836347234752925,112,70.53571428571429,5.221881147692108,1.100969627035552,18,72.22222222222221,13.218256275182007,1.3393033513164352
RSI2<10 up,put_credit,0.4,21,signal,0.5,257,73.54085603112841,3.3895066046121,1.3032788380579854,160,70.0,6.439354903393209,1.5445519606305373,29,86.20689655172413,21.160465911581213,10.56656144192821
RSI2<10 up,call_debit,0.5,14,signal,0.5,259,50.57915057915058,-9.111484949905023,0.7443697153645794,160,65.625,6.469781015103604,1.216491329268102,29,79.3103448275862,26.796945243813788,2.4706022832594554
RSI2<10 up,call_debit,0.5,14,signal,1.0,259,50.57915057915058,-9.111484949905023,0.7443697153645794,160,65.625,6.469781015103604,1.216491329268102,29,79.3103448275862,26.796945243813788,2.4706022832594554
RSI2<10 up,call_debit,0.5,14,hold,0.5,220,44.54545454545455,-13.060436537539582,0.8228626689494752,137,64.23357664233576,9.58142968377591,1.1334460999009346,23,56.52173913043478,-0.08400060880515633,0.9988528723366188
RSI2<10 up,call_debit,0.5,21,signal,0.5,257,52.14007782101168,-6.9102092484241,0.7685769306770023,160,65.0,5.383807397927578,1.2313145730596837,29,79.3103448275862,25.096386801521657,3.1877327985427018
RSI2<10 up,call_debit,0.5,21,signal,1.0,257,52.14007782101168,-6.9102092484241,0.7685769306770023,160,65.0,5.383807397927578,1.2313145730596837,29,79.3103448275862,25.096386801521657,3.1877327985427018
RSI2<10 up,call_debit,0.5,21,hold,0.5,195,42.56410256410256,-25.58165715488903,0.7152496971834619,126,70.63492063492063,21.498522174212507,1.3367091485861486,20,65.0,3.418106031689125,1.0488842724429066
RSI2<10 up,call_debit,0.65,14,signal,0.5,259,62.16216216216216,1.7862780527359587,1.0650629290697426,160,73.125,6.2566587175961645,1.357081645224014,29,93.10344827586206,27.089745283235313,13.545496329739205
RSI2<10 up,call_debit,0.65,14,signal,1.0,259,62.16216216216216,1.7862780527359587,1.0650629290697426,160,73.125,6.357145648315464,1.3628166613347448,29,93.10344827586206,27.089745283235313,13.545496329739205
RSI2<10 up,call_debit,0.65,14,hold,0.5,226,59.73451327433629,-0.2738254737200928,0.9956895331242115,141,78.01418439716312,2.8316909281490186,1.0619396008380233,24,79.16666666666666,9.470454622462977,1.2685913652658405
RSI2<10 up,call_debit,0.65,21,signal,0.5,257,65.36964980544747,2.198083877101939,1.1060037888054963,160,70.0,6.084786706449017,1.4750063886170421,29,89.65517241379311,21.385075580644905,11.688540117582491
RSI2<10 up,call_debit,0.65,21,signal,1.0,257,65.36964980544747,2.198083877101939,1.1060037888054963,160,70.0,6.173404896643597,1.4819243314342476,29,89.65517241379311,21.385075580644905,11.688540117582491
RSI2<10 up,call_debit,0.65,21,hold,0.5,207,64.25120772946859,-5.838172990174474,0.9096636460802702,129,74.4186046511628,-6.071897358091714,0.8742533058992635,21,80.95238095238095,11.501627368354281,1.3706293634107483
BB%B<0 up,put_credit,0.2,7,hold,0.5,134,91.7910447761194,5.618519303973576,1.9307849976304798,60,85.0,3.9514272761190417,1.3928532467557821,18,88.88888888888889,11.490472061925123,5.519293276944712
BB%B<0 up,put_credit,0.2,7,hold,,120,90.0,5.895324836325488,1.7613277639386842,59,83.05084745762711,5.92152062939686,1.5731474092522628,18,88.88888888888889,14.88503723501092,6.8544025293932185
BB%B<0 up,put_credit,0.2,7,signal,0.5,140,89.28571428571429,4.421790714491699,1.8593896391022973,63,84.12698412698413,2.1978519351381736,1.2304106187977157,18,94.44444444444444,12.956000624008107,10.540928650132837
BB%B<0 up,put_credit,0.2,14,hold,0.5,118,90.67796610169492,5.250531538797319,1.6806946528490927,58,87.93103448275862,2.4023919483897695,1.191436253285817,14,92.85714285714286,13.623214234219414,14.768674080393621
BB%B<0 up,put_credit,0.2,14,hold,,104,89.42307692307693,7.085495328019052,1.8081722281733668,53,83.01886792452831,3.2108903705410476,1.2152354352871428,12,91.66666666666666,16.975938954060037,15.706168874596525
BB%B<0 up,put_credit,0.2,14,signal,0.5,132,84.0909090909091,3.261975608976926,1.718985459131785,62,75.80645161290323,6.0043252998129075,4.0931682062865535,16,100.0,11.622152351301192,inf
BB%B<0 up,put_credit,0.2,21,hold,0.5,109,91.74311926605505,6.000193564880639,1.7753310066477819,55,94.54545454545455,8.127390484674747,1.9773797803915998,14,92.85714285714286,11.831619435022256,4.36810334311387
BB%B<0 up,put_credit,0.2,21,hold,,91,86.81318681318682,7.886684355635025,1.7905711931233521,52,94.23076923076923,13.925201322180625,2.583267732991562,12,91.66666666666666,16.417685496669293,5.005957695058812
BB%B<0 up,put_credit,0.2,21,signal,0.5,131,77.86259541984732,2.9404437539132333,1.811492434596092,61,65.57377049180327,4.1783355415741354,2.5590257630915927,16,87.5,9.225944555247139,19.858403425342207
BB%B<0 up,put_credit,0.3,7,hold,0.5,133,88.7218045112782,11.069104270247067,1.964917898898588,60,85.0,10.344102505781676,1.430734765538996,18,88.88888888888889,26.128223989971364,3.781922945140351
BB%B<0 up,put_credit,0.3,7,hold,,120,85.83333333333333,12.272270117378916,1.8411931348957942,59,79.66101694915254,12.059522196695568,1.4655909650761867,18,88.88888888888889,30.805322168824798,4.279902706237798
BB%B<0 up,put_credit,0.3,7,signal,0.5,138,87.68115942028986,10.006684541842219,2.05889764820472,63,82.53968253968253,9.804806027317422,1.544351320242592,18,94.44444444444444,30.975378264830542,6.782196712566686
BB%B<0 up,put_credit,0.3,14,hold,0.5,117,88.88888888888889,13.554673673141492,1.9550430889306418,59,86.4406779661017,10.972816370487875,1.439564240119549,14,78.57142857142857,15.245591528110614,2.1469330175328576
BB%B<0 up,put_credit,0.3,14,hold,,104,79.8076923076923,14.872192110615746,1.814837952025173,53,73.58490566037736,9.895322001534595,1.2939758536292876,12,75.0,17.815374079674083,2.148793400224306
BB%B<0 up,put_credit,0.3,14,signal,0.5,131,87.78625954198473,10.21864691854147,2.4538451473413816,62,77.41935483870968,14.217016482714936,3.6954993624919243,16,93.75,27.49336981562073,28.47815196434667
BB%B<0 up,put_credit,0.3,21,hold,0.5,107,89.7196261682243,13.435864957411383,1.8170218892110834,56,91.07142857142857,22.526637298111627,2.380720789677183,14,78.57142857142857,8.0310245968717,1.3391336853910336
BB%B<0 up,put_credit,0.3,21,hold,,91,85.71428571428571,19.08765670066756,1.8722500357356082,52,90.38461538461539,37.94610065651022,3.159692741320082,12,75.0,17.672896984079383,1.639677285804306
BB%B<0 up,put_credit,0.3,21,signal,0.5,128,84.375,9.126754039898234,2.445757853650072,61,70.49180327868852,11.000751608286949,3.0370874784997492,16,93.75,22.35757714833521,17.53712841920164
BB%B<0 up,put_credit,0.4,7,hold,0.5,131,83.96946564885496,18.69402112190596,2.1176164674526654,60,76.66666666666667,7.605863671907105,1.225194189000405,18,88.88888888888889,31.98410295625278,2.9329627700322707
BB%B<0 up,put_credit,0.4,7,hold,,120,78.33333333333333,19.359561681071497,1.9132030600297052,59,67.79661016949152,8.343352549588932,1.2121750104887372,18,66.66666666666666,22.218602818904163,2.019351680214814
BB%B<0 up,put_credit,0.4,7,signal,0.5,135,85.92592592592592,14.868919708021128,2.0233224863014314,63,77.77777777777779,10.88448273764407,1.4916932651479062,18,94.44444444444444,34.903075502856126,4.9890665748065866
BB%B<0 up,put_credit,0.4,14,hold,0.5,114,82.45614035087719,13.433374302746127,1.5111875971044653,57,77.19298245614034,4.001569364749603,1.1014453787825889,14,64.28571428571429,-17.362017294335597,0.6621974478804911
BB%B<0 up,put_credit,0.4,14,hold,,104,73.07692307692307,15.512700563867973,1.4742148452724417,53,67.9245283018868,5.095914572156738,1.1065436599682332,12,50.0,-25.277184386335307,0.6167157257668823
BB%B<0 up,put_credit,0.4,14,signal,0.5,129,86.04651162790698,14.59110908176934,2.6385737882352185,61,70.49180327868852,11.928898663425434,2.1002257539787985,16,93.75,27.02264679076928,7.707252660201224
BB%B<0 up,put_credit,0.4,21,hold,0.5,108,84.25925925925925,17.41188912390405,1.7594152806215724,53,88.67924528301887,31.503664908915272,2.5994173616113563,14,78.57142857142857,-0.1454018656100808,0.9963225514655834
BB%B<0 up,put_credit,0.4,21,hold,,91,78.02197802197803,24.858770445499097,1.8168813953773406,52,86.53846153846155,48.96412240266639,3.3098091535134193,12,66.66666666666666,4.952456192771639,1.1062009161109392
BB%B<0 up,put_credit,0.4,21,signal,0.5,128,83.59375,11.593662555754335,2.5174980113585175,61,65.57377049180327,9.985389936472092,2.1614500181489267,16,81.25,22.852662662199755,8.053139240733842
BB%B<0 up,call_debit,0.5,14,signal,0.5,129,58.139534883720934,-0.4151952530060319,0.9855263220596461,61,54.09836065573771,0.0995732545151204,1.0033337655915693,16,75.0,19.624850294161327,1.7094435764805553
BB%B<0 up,call_debit,0.5,14,signal,1.0,129,58.139534883720934,-0.4151952530060319,0.9855263220596461,61,54.09836065573771,0.0995732545151204,1.0033337655915693,16,75.0,19.624850294161327,1.7094435764805553
BB%B<0 up,call_debit,0.5,14,hold,0.5,104,44.230769230769226,-3.129513948703346,0.9571631370976296,54,55.55555555555556,-14.021051384227137,0.8435747821889561,14,57.14285714285714,-16.954350037346746,0.8104003841661557
BB%B<0 up,call_debit,0.5,21,signal,0.5,128,60.9375,0.8463429713746551,1.0368600218284196,61,54.09836065573771,2.133737289951841,1.0985402552859167,16,75.0,21.526238872707623,2.244882266303245
BB%B<0 up,call_debit,0.5,21,signal,1.0,128,60.9375,0.8463429713746551,1.0368600218284196,61,54.09836065573771,2.133737289951841,1.0985402552859167,16,75.0,21.526238872707623,2.244882266303245
BB%B<0 up,call_debit,0.5,21,hold,0.5,92,50.0,-7.713767173822102,0.906248627271794,52,65.38461538461539,16.04183817337222,1.2569380933935341,14,71.42857142857143,16.031638300275834,1.2431762642376136
BB%B<0 up,call_debit,0.65,14,signal,0.5,129,72.09302325581395,13.968768160368601,1.7430001590413655,61,68.85245901639344,10.608324956578839,1.820394293103646,16,93.75,26.54886885056301,6.624277330780587
BB%B<0 up,call_debit,0.65,14,signal,1.0,129,72.09302325581395,13.968768160368601,1.7430001590413655,61,68.85245901639344,10.871897233875362,1.8407776423128253,16,93.75,26.54886885056301,6.624277330780587
BB%B<0 up,call_debit,0.65,14,hold,0.5,110,67.27272727272727,9.248886854622944,1.1640203795324822,56,75.0,0.5305821173655626,1.0116170866232534,14,64.28571428571429,-12.271052533601589,0.7292029283339352
BB%B<0 up,call_debit,0.65,21,signal,0.5,128,74.21875,12.047383466007027,1.835383538475193,61,67.21311475409836,9.770380038743408,2.0811237047536246,16,87.5,22.5020714972174,7.496199501809422
BB%B<0 up,call_debit,0.65,21,signal,1.0,128,74.21875,12.047383466007027,1.835383538475193,61,67.21311475409836,10.002821193352142,2.106844059664213,16,87.5,22.5020714972174,7.496199501809422
BB%B<0 up,call_debit,0.65,21,hold,0.5,104,72.11538461538461,11.754846734011895,1.2360105758953948,53,84.90566037735849,30.446457720822004,2.4252487112437264,14,78.57142857142857,1.8307415364778714,1.0467888669190122
ConnorsRSI<10 up,put_credit,0.2,7,hold,0.5,85,92.94117647058823,6.290504307791342,2.2293481695383175,52,84.61538461538461,4.097873355214984,1.4233731531318947,2,100.0,14.004180612562752,inf
ConnorsRSI<10 up,put_credit,0.2,7,hold,,85,92.94117647058823,8.751430860163198,2.7102850554378213,52,80.76923076923077,6.288461970605832,1.6137523354811187,2,100.0,20.116708265140666,inf
ConnorsRSI<10 up,put_credit,0.2,7,signal,0.5,85,89.41176470588236,3.8949386468503246,1.691300299695468,53,86.79245283018868,10.491645857009962,5.369286977873502,2,100.0,14.004180612562752,inf
ConnorsRSI<10 up,put_credit,0.2,14,hold,0.5,84,92.85714285714286,5.760429902347058,1.8144139506682466,51,92.15686274509804,1.5854709138267222,1.1148960006782456,2,100.0,15.438723809967033,inf
ConnorsRSI<10 up,put_credit,0.2,14,hold,,83,91.56626506024097,8.474908070500978,2.145606124101829,49,89.79591836734694,3.920026777262188,1.2564806824123833,2,100.0,22.010490685451664,inf
ConnorsRSI<10 up,put_credit,0.2,14,signal,0.5,85,84.70588235294117,0.14084242008477718,1.018655894776156,53,79.24528301886792,6.340188385825881,3.2238216155569392,2,100.0,12.550336703000728,inf
ConnorsRSI<10 up,put_credit,0.2,21,hold,0.5,81,95.06172839506173,8.987642612417604,2.86676645288379,50,92.0,2.927910499417692,1.2306906457024651,2,100.0,15.47373147124745,inf
ConnorsRSI<10 up,put_credit,0.2,21,hold,,76,94.73684210526315,13.570862138859791,3.644723079302969,49,89.79591836734694,8.472425815749057,1.6472261370617076,2,100.0,22.42545528273763,inf
ConnorsRSI<10 up,put_credit,0.2,21,signal,0.5,83,79.51807228915662,1.1672170020036072,1.2278046291425175,53,75.47169811320755,4.452708593787559,2.4185004026075796,2,100.0,10.362861941814646,inf
ConnorsRSI<10 up,put_credit,0.3,7,hold,0.5,85,91.76470588235294,11.083612152279395,2.087341298948009,52,84.61538461538461,9.03255479286341,1.3867540646978425,2,100.0,39.8582136722834,inf
ConnorsRSI<10 up,put_credit,0.3,7,hold,,85,88.23529411764706,14.41254919013845,2.4048203350094393,52,80.76923076923077,13.422937474960651,1.4941306595714094,2,100.0,56.612045348394375,inf
ConnorsRSI<10 up,put_credit,0.3,7,signal,0.5,85,90.58823529411765,9.09461959769545,1.9574499402342604,53,86.79245283018868,22.770342456574795,3.979390633918242,2,100.0,39.8582136722834,inf
ConnorsRSI<10 up,put_credit,0.3,14,hold,0.5,84,90.47619047619048,15.878007184386345,2.319317423314524,50,84.0,10.250842202200891,1.4360539282170515,2,100.0,42.366207567610985,inf
ConnorsRSI<10 up,put_credit,0.3,14,hold,,83,81.92771084337349,19.80255128641036,2.28351612926431,49,79.59183673469387,19.24071683181689,1.7662966682000207,2,100.0,61.90803001779217,inf
ConnorsRSI<10 up,put_credit,0.3,14,signal,0.5,85,88.23529411764706,6.7967263055957865,1.606847650660086,53,83.01886792452831,16.665131398535873,3.994030671617011,2,100.0,35.19856790673124,inf
ConnorsRSI<10 up,put_credit,0.3,21,hold,0.5,81,92.5925925925926,20.88918278154585,3.201556661334945,50,92.0,18.62922354453517,1.995038691325215,2,100.0,37.23015037965361,inf
ConnorsRSI<10 up,put_credit,0.3,21,hold,,76,90.78947368421053,32.19724217968178,4.176086005678312,49,87.75510204081633,30.934372099521703,2.372567233947178,2,100.0,63.10644317511852,inf
ConnorsRSI<10 up,put_credit,0.3,21,signal,0.5,83,84.33734939759037,6.947076302832062,1.7959128107459121,53,75.47169811320755,13.282827957766813,3.441615704549379,2,100.0,29.996298962969163,inf
ConnorsRSI<10 up,put_credit,0.4,7,hold,0.5,85,84.70588235294117,17.703428877109356,2.0703570796915773,52,75.0,7.018090615264206,1.1989182705329673,2,100.0,67.25688352665145,inf
ConnorsRSI<10 up,put_credit,0.4,7,hold,,85,81.17647058823529,22.84247695561181,2.33237528429637,52,73.07692307692307,17.755156319751094,1.4974598402581658,2,100.0,79.31337397749249,inf
ConnorsRSI<10 up,put_credit,0.4,7,signal,0.5,85,89.41176470588236,15.942005941001172,2.1572850295393753,53,79.24528301886792,23.480793354744097,2.6461231201436237,2,100.0,67.25688352665145,inf
ConnorsRSI<10 up,put_credit,0.4,14,hold,0.5,84,85.71428571428571,19.312412266730377,1.8900472660077585,50,76.0,9.73801161280148,1.2950760737819764,2,100.0,54.49569050735341,inf
ConnorsRSI<10 up,put_credit,0.4,14,hold,,83,78.3132530120482,22.773183167706513,1.7942924582654716,49,71.42857142857143,18.435809023281383,1.4678690484897368,2,100.0,88.23088417366796,inf
ConnorsRSI<10 up,put_credit,0.4,14,signal,0.5,85,87.05882352941177,10.566394644371114,1.7581384408406477,53,77.35849056603774,17.56675796582201,3.0274401725891376,2,100.0,44.62315898978637,inf
ConnorsRSI<10 up,put_credit,0.4,21,hold,0.5,82,87.8048780487805,27.43577278729215,2.8465274846903665,49,89.79591836734694,27.807853837573656,2.3172896977644935,2,100.0,62.8147156308011,inf
ConnorsRSI<10 up,put_credit,0.4,21,hold,,76,84.21052631578947,39.80534452021902,3.170212705838107,49,87.75510204081633,46.496502176396525,2.889653306659264,2,100.0,87.09288024629558,inf
ConnorsRSI<10 up,put_credit,0.4,21,signal,0.5,83,84.33734939759037,8.944737747984991,1.8002136250793006,53,69.81132075471697,14.084256082912349,2.8576807847143244,2,100.0,37.24675223562819,inf
ConnorsRSI<10 up,call_debit,0.5,14,signal,0.5,85,64.70588235294117,8.599032046460785,1.3501386228081824,53,66.0377358490566,14.173801297097715,1.5439100761844315,2,100.0,71.8723196455266,inf
ConnorsRSI<10 up,call_debit,0.5,14,signal,1.0,85,64.70588235294117,8.599032046460785,1.3501386228081824,53,66.0377358490566,14.173801297097715,1.5439100761844315,2,100.0,71.8723196455266,inf
ConnorsRSI<10 up,call_debit,0.5,14,hold,0.5,83,48.19277108433735,9.385891810132408,1.1430118793121,49,63.26530612244898,7.953340375102612,1.1054544422293,2,100.0,126.51219487514078,inf
ConnorsRSI<10 up,call_debit,0.5,21,signal,0.5,83,62.65060240963856,5.801088656404104,1.266544379525927,53,66.0377358490566,13.871816603704248,1.748382161689634,2,100.0,58.63456921624612,inf
ConnorsRSI<10 up,call_debit,0.5,21,signal,1.0,83,62.65060240963856,5.801088656404104,1.266544379525927,53,66.0377358490566,13.871816603704248,1.748382161689634,2,100.0,58.63456921624612,inf
ConnorsRSI<10 up,call_debit,0.5,21,hold,0.5,78,53.84615384615385,6.717366207501996,1.0967076217428662,49,73.46938775510205,43.27661557832201,1.9173073548065611,2,100.0,119.14555223121903,inf
ConnorsRSI<10 up,call_debit,0.65,14,signal,0.5,85,76.47058823529412,18.216360313633015,1.9687038132766415,53,75.47169811320755,16.46616958877388,2.5355051455299034,2,100.0,43.046599063827614,inf
ConnorsRSI<10 up,call_debit,0.65,14,signal,1.0,85,76.47058823529412,18.216360313633015,1.9687038132766415,53,75.47169811320755,16.46616958877388,2.5355051455299034,2,100.0,43.046599063827614,inf
ConnorsRSI<10 up,call_debit,0.65,14,hold,0.5,84,75.0,37.38602964937375,1.8866956353906594,50,76.0,7.202084077617227,1.1905631292531658,2,100.0,52.3198632114167,inf
ConnorsRSI<10 up,call_debit,0.65,21,signal,0.5,83,79.51807228915662,10.164281487429745,1.5719243364803657,53,71.69811320754717,14.492878101644523,2.734972173206815,2,100.0,35.75592902234001,inf
ConnorsRSI<10 up,call_debit,0.65,21,signal,1.0,83,79.51807228915662,10.164281487429745,1.5719243364803657,53,71.69811320754717,14.492878101644523,2.734972173206815,2,100.0,35.75592902234001,inf
ConnorsRSI<10 up,call_debit,0.65,21,hold,0.5,80,78.75,35.165434347308796,1.9967063979148636,49,85.71428571428571,27.943291494286044,2.1875735861953527,2,100.0,58.406343003078916,inf
VIX stretch up,put_credit,0.2,7,hold,0.5,505,86.53465346534654,1.1393061485332436,1.1297647918759843,315,82.22222222222221,-1.6220186789784938,0.8833070777333929,50,96.0,11.711737398111707,4.954533718053442
VIX stretch up,put_credit,0.2,7,hold,,456,84.21052631578947,1.6829227987743776,1.1752137998730754,291,80.41237113402062,0.7991838519150789,1.05907414062591,47,97.87234042553192,17.430760368005412,56.30264832011991
VIX stretch up,put_credit,0.2,7,signal,0.5,598,76.08695652173914,-0.4094912093661292,0.9402442205914764,368,78.53260869565217,-2.3545374392387144,0.7740681025328454,57,80.7017543859649,6.642395202321197,3.0794291774271807
VIX stretch up,put_credit,0.2,14,hold,0.5,385,89.87012987012987,3.428024374941753,1.4441922234174895,243,84.77366255144034,-6.0286796617101945,0.6804861911554773,34,94.11764705882352,13.367969754070188,8.184099503829794
VIX stretch up,put_credit,0.2,14,hold,,335,89.55223880597015,7.227767750693237,2.0191226411692003,204,81.37254901960785,-2.637932377475992,0.8645247861674128,31,96.7741935483871,17.436439183859772,24.866078115521855
VIX stretch up,put_credit,0.2,14,signal,0.5,558,67.74193548387096,-0.37594982508209224,0.9208329154602121,351,70.65527065527066,-3.0191990708001684,0.6446147863150355,52,73.07692307692307,3.529430670920412,2.745395244908808
VIX stretch up,put_credit,0.2,21,hold,0.5,331,92.44712990936556,3.2924879488111163,1.364920412193585,212,84.43396226415094,-3.0833019090565705,0.809689503830305,28,89.28571428571429,7.087884809192625,1.9617949108879442
VIX stretch up,put_credit,0.2,21,hold,,283,88.33922261484098,4.549609703100977,1.4066795751548902,166,81.32530120481928,2.137988765708135,1.135305729854156,22,86.36363636363636,11.757400019050003,2.7844672130618853
VIX stretch up,put_credit,0.2,21,signal,0.5,555,58.91891891891892,-1.2154764857179712,0.7313286854848998,348,64.9425287356322,-2.4366147600150483,0.6356892058621884,52,65.38461538461539,1.465684359150599,1.5697929754394597
VIX stretch up,put_credit,0.3,7,hold,0.5,502,82.86852589641434,2.525849710646828,1.157489995406229,318,79.55974842767296,0.49070274001690495,1.017053765851147,50,88.0,23.239180362195842,3.2238273251832283
VIX stretch up,put_credit,0.3,7,hold,,456,78.94736842105263,3.4092874486213627,1.1867690262889325,291,73.8831615120275,4.776792161290126,1.1595945227797753,47,93.61702127659575,36.72491626578262,11.63518644194209
VIX stretch up,put_credit,0.3,7,signal,0.5,597,78.39195979899498,0.5890279997484302,1.048686052090399,369,78.31978319783198,0.12949065685411174,1.0063772134478206,56,85.71428571428571,15.983488330441304,3.074156179382357
VIX stretch up,put_credit,0.3,14,hold,0.5,386,85.23316062176166,6.272501758617782,1.4007376369378972,247,81.78137651821862,-3.3429678199972086,0.9030956328322685,33,84.84848484848484,18.18704528876287,2.1427065840734127
VIX stretch up,put_credit,0.3,14,hold,,335,84.4776119402985,13.295779223839157,1.8341960741782246,204,76.47058823529412,2.8315668328320323,1.0731680999427948,31,80.64516129032258,28.397134525262384,3.2602850628595075
VIX stretch up,put_credit,0.3,14,signal,0.5,558,74.55197132616487,2.413580569274343,1.3098682207745171,351,74.64387464387464,-0.28315131427882917,0.9812592809420064,52,78.84615384615384,9.381984372377762,2.7190082131670246
VIX stretch up,put_credit,0.3,21,hold,0.5,336,88.39285714285714,9.081698948396761,1.553032529689279,214,81.77570093457945,-4.286013134302387,0.8787048199889662,29,86.20689655172413,10.693590182034864,1.436183002615008
VIX stretch up,put_credit,0.3,21,hold,,283,82.68551236749117,11.945293127816152,1.5559456095543698,166,76.50602409638554,4.706843697455575,1.1199273651542179,22,72.72727272727273,10.652075786776868,1.361109206447233
VIX stretch up,put_credit,0.3,21,signal,0.5,555,69.72972972972973,1.8661172870269225,1.2649838896185543,348,69.82758620689656,0.1533384015575033,1.0127533512906275,52,75.0,6.848709333437132,2.4320948210872215
VIX stretch up,put_credit,0.4,7,hold,0.5,500,81.39999999999999,5.943781368722111,1.2381654753479512,314,75.79617834394905,2.0652764936196735,1.0541590608168387,48,83.33333333333334,24.818018182925158,2.301625019423916
VIX stretch up,put_credit,0.4,7,hold,,456,76.75438596491229,7.474325712799361,1.2647373073117265,291,69.41580756013745,4.201790068190369,1.100978924578641,47,74.46808510638297,31.564812281900593,3.4530476118344167
VIX stretch up,put_credit,0.4,7,signal,0.5,596,80.03355704697987,3.3300133172465465,1.1852976188733557,368,75.0,1.0854073317136115,1.044033037215075,54,79.62962962962963,15.302992967922217,2.0964687818659202
VIX stretch up,put_credit,0.4,14,hold,0.5,378,80.68783068783068,7.989916939525607,1.309101847128296,241,78.83817427385893,3.6527362248867683,1.092810026480782,33,72.72727272727273,2.8221158069441326,1.0789040893062454
VIX stretch up,put_credit,0.4,14,hold,,335,77.61194029850746,19.025905304168866,1.7596089187359734,204,71.56862745098039,8.113862175119396,1.1712098269985498,31,70.96774193548387,9.519957558382064,1.2559971707517166
VIX stretch up,put_credit,0.4,14,signal,0.5,557,76.30161579892281,4.14701775805719,1.3679726175087585,349,69.91404011461319,-0.4012408883474087,0.9777873859802638,52,78.84615384615384,6.777337838343583,1.678426875039685
VIX stretch up,put_credit,0.4,21,hold,0.5,325,82.76923076923077,9.957014898324115,1.3743477357222187,204,79.41176470588235,2.3734427994396152,1.0598426590930128,28,78.57142857142857,13.28341166204785,1.4099505252210507
VIX stretch up,put_credit,0.4,21,hold,,283,74.20494699646643,13.92628621504881,1.4193464365257495,166,73.49397590361446,8.809199251177597,1.1806163207363969,22,63.63636363636363,-11.362284752000257,0.7906246331638486
VIX stretch up,put_credit,0.4,21,signal,0.5,554,72.0216606498195,3.0868345339243546,1.3250839694608307,348,67.81609195402298,-0.34874460102899774,0.9763803685384588,52,71.15384615384616,5.655147328708612,1.774364282894674
VIX stretch up,call_debit,0.5,14,signal,0.5,556,53.776978417266186,-7.570915056541125,0.7443362301444706,349,61.60458452722063,-2.729658333145856,0.9130409276710715,52,71.15384615384616,3.926874565958218,1.1877284590644146
VIX stretch up,call_debit,0.5,14,signal,1.0,556,53.776978417266186,-7.570915056541125,0.7443362301444706,349,61.60458452722063,-2.729658333145856,0.9130409276710715,52,71.15384615384616,3.926874565958218,1.1877284590644146
VIX stretch up,call_debit,0.5,14,hold,0.5,338,42.60355029585799,-20.06379071746515,0.7278127059860608,225,65.77777777777779,22.109582967719827,1.335626297584076,31,48.38709677419355,-38.838426225045296,0.6094203029750792
VIX stretch up,call_debit,0.5,21,signal,0.5,554,55.5956678700361,-5.630791915629956,0.7717376303042427,348,61.206896551724135,-2.3764685067140308,0.9056635534491778,52,69.23076923076923,3.612502016687714,1.2289237876420613
VIX stretch up,call_debit,0.5,21,signal,1.0,554,55.5956678700361,-5.630791915629956,0.7717376303042427,348,61.206896551724135,-2.3764685067140308,0.9056635534491778,52,69.23076923076923,3.612502016687714,1.2289237876420613
VIX stretch up,call_debit,0.5,21,hold,0.5,292,46.57534246575342,-12.033426113062326,0.8557879853489263,193,69.94818652849742,25.16732544538406,1.4026068442713036,27,55.55555555555556,-20.454914087485992,0.762555899822939
VIX stretch up,call_debit,0.65,14,signal,0.5,556,65.82733812949641,0.9985705997234128,1.0413525261881629,349,68.76790830945558,-1.3033042162358395,0.9354026183763208,52,78.84615384615384,7.0932123566208,1.7073628206094003
VIX stretch up,call_debit,0.65,14,signal,1.0,556,65.82733812949641,0.9985705997234128,1.0413525261881629,349,68.76790830945558,-1.3033042162358395,0.9354026183763208,52,78.84615384615384,7.0932123566208,1.7073628206094003
VIX stretch up,call_debit,0.65,14,hold,0.5,352,59.09090909090909,-0.8858066721060748,0.9855217677419069,240,77.5,5.590425762476072,1.1314030582023331,33,69.6969696969697,6.069544632631835,1.1860238604396562
VIX stretch up,call_debit,0.65,21,signal,0.5,554,67.32851985559567,2.1563655359755596,1.1237208724869878,348,67.81609195402298,-0.4256699769960054,0.9726175727118104,52,73.07692307692307,6.176406555825522,1.870867322912703
VIX stretch up,call_debit,0.65,21,signal,1.0,554,67.32851985559567,2.1563655359755596,1.1237208724869878,348,67.81609195402298,-0.4256699769960054,0.9726175727118104,52,73.07692307692307,6.176406555825522,1.870867322912703
VIX stretch up,call_debit,0.65,21,hold,0.5,306,63.0718954248366,-6.477737666262198,0.8999860872208514,204,77.94117647058823,1.7787131411474268,1.0416932709863127,28,82.14285714285714,13.34954506905915,1.4070754908669956
Keltner low,put_credit,0.2,7,hold,0.5,174,86.20689655172413,3.49373856593253,1.4427624491615596,94,81.91489361702128,1.9314416900059264,1.1620405159775076,8,100.0,16.15316300720603,inf
Keltner low,put_credit,0.2,7,hold,,166,84.93975903614458,5.208388495736221,1.6187261471686554,91,80.21978021978022,4.433133566528248,1.366636385699364,8,100.0,18.596762220646326,inf
Keltner low,put_credit,0.2,7,signal,0.5,184,85.32608695652173,3.0307990807496936,1.4273958598485612,96,86.45833333333334,1.2862500930842078,1.1135695536068437,8,100.0,15.363689293990957,inf
Keltner low,put_credit,0.2,14,hold,0.5,146,87.67123287671232,2.7570826817512053,1.2629048980753366,77,90.9090909090909,4.3399824042121535,1.3572078880901273,6,100.0,16.451744162708216,inf
Keltner low,put_credit,0.2,14,hold,,137,83.94160583941606,2.8067724494237,1.211688712521452,73,87.67123287671232,7.3852600078764725,1.5724250999916525,6,100.0,21.068731241435977,inf
Keltner low,put_credit,0.2,14,signal,0.5,168,80.95238095238095,3.481257928902038,1.682146723830677,91,78.02197802197803,3.156428633386829,1.585529109928418,8,100.0,11.412128950525908,inf
Keltner low,put_credit,0.2,21,hold,0.5,134,88.80597014925374,5.8594596189282475,1.7325445914945001,72,91.66666666666666,4.778498240330382,1.3960627390837643,6,100.0,15.923632812286776,inf
Keltner low,put_credit,0.2,21,hold,,119,86.5546218487395,9.766438678721476,2.0544156607930684,66,86.36363636363636,4.827489474654732,1.2767594821813952,6,100.0,19.132821702714832,inf
Keltner low,put_credit,0.2,21,signal,0.5,168,73.80952380952381,3.0574885359527206,1.6843690419596864,89,71.91011235955057,-0.5561064419482799,0.9247195666715476,8,100.0,8.445422551573241,inf
Keltner low,put_credit,0.3,7,hold,0.5,174,83.33333333333334,8.797405867715252,1.582594246838454,94,81.91489361702128,4.913860379754707,1.1758924380586722,8,100.0,37.66130671121588,inf
Keltner low,put_credit,0.3,7,hold,,166,80.72289156626506,12.363620449434308,1.7500185424160581,91,80.21978021978022,11.316223412273095,1.407839568247727,8,100.0,41.98981087469693,inf
Keltner low,put_credit,0.3,7,signal,0.5,182,83.51648351648352,8.512439681930553,1.6369990905528724,96,84.375,7.09495226570142,1.3151356057987842,8,100.0,35.258220846173714,inf
Keltner low,put_credit,0.3,14,hold,0.5,147,86.39455782312925,6.273956471264553,1.279290575866527,78,88.46153846153845,18.376478224988958,1.9269264145427905,6,100.0,33.44865949927286,inf
Keltner low,put_credit,0.3,14,hold,,137,78.1021897810219,7.181549241525395,1.252946286365129,73,78.08219178082192,17.26859954125404,1.6161284781513714,6,100.0,48.669569240261005,inf
Keltner low,put_credit,0.3,14,signal,0.5,168,80.35714285714286,10.510731416535135,2.1548336811670814,91,78.02197802197803,9.474660060027766,1.8823150852991881,8,100.0,26.095680018097816,inf
Keltner low,put_credit,0.3,21,hold,0.5,130,87.6923076923077,9.760679414865924,1.472018915378404,71,85.91549295774648,10.202374832224343,1.3761845327066378,6,83.33333333333334,20.38630994739199,2.908979138814883
Keltner low,put_credit,0.3,21,hold,,119,84.87394957983193,18.8322216323355,1.7739680526908022,66,81.81818181818183,15.383169377638966,1.4465124936630707,6,83.33333333333334,34.90779743876906,4.2687748427522925
Keltner low,put_credit,0.3,21,signal,0.5,165,77.57575757575758,8.93151232328879,2.0419131285729004,89,73.03370786516854,6.312876634986268,1.5998231802427394,8,100.0,21.33372005143777,inf
Keltner low,put_credit,0.4,7,hold,0.5,170,80.0,10.85250397577157,1.4524503331912064,92,76.08695652173914,11.730599300232074,1.3442497391804284,8,87.5,40.30081264918986,10.609727515844856
Keltner low,put_credit,0.4,7,hold,,166,77.71084337349397,17.97020853603964,1.7409049045283478,91,67.03296703296702,10.049314541251308,1.2720305145518158,8,62.5,36.579523228375564,6.003526055101487
Keltner low,put_credit,0.4,7,signal,0.5,179,81.56424581005587,10.735840101420292,1.5110550081391538,94,76.59574468085107,9.054856769879686,1.341085269079735,8,87.5,33.15711792809593,8.906313733009586
Keltner low,put_credit,0.4,14,hold,0.5,145,82.75862068965517,10.21018633657316,1.3361307357464212,76,81.57894736842105,17.01945440334045,1.5652364465548223,6,83.33333333333334,27.692757598729358,2.8495633768479114
Keltner low,put_credit,0.4,14,hold,,137,75.18248175182481,11.248845893193788,1.2847160406450588,73,72.6027397260274,13.714598524633924,1.3282224164864396,6,83.33333333333334,43.257352611779964,3.8891024985469693
Keltner low,put_credit,0.4,14,signal,0.5,166,78.3132530120482,12.600567695683257,1.932974655853966,90,72.22222222222221,9.111876968546948,1.6100366573830478,8,100.0,27.5586601369449,inf
Keltner low,put_credit,0.4,21,hold,0.5,128,82.8125,13.654457746259988,1.4935400160447145,69,78.26086956521739,10.318156714452172,1.281296136529924,6,83.33333333333334,9.799141131576617,1.3011013359534411
Keltner low,put_credit,0.4,21,hold,,119,79.83193277310924,27.735390742421117,1.8716655156299198,66,74.24242424242425,20.163903774897253,1.4511832543680052,6,83.33333333333334,30.276646402292684,1.9303201737286868
Keltner low,put_credit,0.4,21,signal,0.5,165,77.57575757575758,11.001453562128999,2.0036881749832567,88,67.04545454545455,6.813353909795288,1.5183158698681383,8,87.5,22.170777690278598,57.2877244295883
Keltner low,call_debit,0.5,14,signal,0.5,166,62.048192771084345,6.875136677615218,1.210067063073258,90,60.0,3.309988773419099,1.0965605187152632,8,75.0,17.454706784033178,1.7110414989540033
Keltner low,call_debit,0.5,14,signal,1.0,166,62.048192771084345,6.875136677615218,1.210067063073258,90,60.0,3.309988773419099,1.0965605187152632,8,75.0,17.454706784033178,1.7110414989540033
Keltner low,call_debit,0.5,14,hold,0.5,138,52.89855072463768,16.94756949070439,1.2477801226720628,75,60.0,-7.044675275130433,0.9116009214605385,6,66.66666666666666,15.279330908894096,1.2620411221596255
Keltner low,call_debit,0.5,21,signal,0.5,165,63.63636363636363,6.722679152789089,1.2546757064251044,88,60.22727272727273,4.79362394837408,1.189825591159724,8,75.0,17.628329025462026,2.053359317280802
Keltner low,call_debit,0.5,21,signal,1.0,165,63.63636363636363,6.722679152789089,1.2546757064251044,88,60.22727272727273,4.79362394837408,1.189825591159724,8,75.0,17.628329025462026,2.053359317280802
Keltner low,call_debit,0.5,21,hold,0.5,121,58.67768595041323,25.155573619266697,1.3887040678184681,66,65.15151515151516,9.667936110993203,1.1349553204475293,6,66.66666666666666,49.66347485293653,2.18205930837832
Keltner low,call_debit,0.65,14,signal,0.5,166,70.48192771084338,13.170982184514637,1.5239955453845424,90,71.11111111111111,8.694045417235266,1.531313200433346,8,100.0,26.63713922680266,inf
Keltner low,call_debit,0.65,14,signal,1.0,166,70.48192771084338,13.170982184514637,1.5239955453845424,90,71.11111111111111,8.872688849625131,1.5422305132887968,8,100.0,26.63713922680266,inf
Keltner low,call_debit,0.65,14,hold,0.5,141,68.08510638297872,11.72311266276764,1.2101441008065466,76,81.57894736842105,16.485259955909974,1.4965559108700635,6,83.33333333333334,19.473807052008357,1.950696015531737
Keltner low,call_debit,0.65,21,signal,0.5,165,69.6969696969697,11.519171962137582,1.6085357260775146,88,69.31818181818183,6.879821850028401,1.509633651386838,8,75.0,20.819174964263993,19.35554644209944
Keltner low,call_debit,0.65,21,signal,1.0,165,69.6969696969697,11.519171962137582,1.6085357260775146,88,69.31818181818183,7.040945832200365,1.5215691644205,8,75.0,20.819174964263993,19.35554644209944
Keltner low,call_debit,0.65,21,hold,0.5,125,76.0,23.703684976947816,1.5235994069491632,69,78.26086956521739,8.896101684012441,1.2368294557183361,6,83.33333333333334,5.106948722547865,1.1575320481679219
TV rating dip,put_credit,0.2,7,hold,0.5,389,85.8611825192802,1.092143423602354,1.116709587852891,197,80.20304568527918,-3.033411962355833,0.8014580407664328,48,89.58333333333334,10.29842016561502,4.31987136132429
TV rating dip,put_credit,0.2,7,hold,,346,83.52601156069365,1.5824675081090829,1.1547926189340787,182,78.57142857142857,-2.333224558314348,0.8616584982644868,40,95.0,13.704364144570672,6.0164431453713
TV rating dip,put_credit,0.2,7,signal,0.5,441,76.41723356009071,-1.193089758352498,0.8554813168645709,231,78.78787878787878,-3.5612445803769237,0.7156789298414151,56,89.28571428571429,6.891162109002791,3.2504386700604657
TV rating dip,put_credit,0.2,14,hold,0.5,303,87.12871287128714,1.8122977135213216,1.1831868152005276,153,84.9673202614379,-2.9383166131944045,0.8236093273442594,32,87.5,9.756174124841445,3.1198119632416548
TV rating dip,put_credit,0.2,14,hold,,247,86.23481781376519,5.8012662083551865,1.648361672677462,126,82.53968253968253,0.3125679325082441,1.0183644320033576,28,85.71428571428571,11.625769866158256,3.2102814087489424
TV rating dip,put_credit,0.2,14,signal,0.5,408,68.13725490196079,-0.2558601368105872,0.9525622958348505,220,70.0,-2.694118125381134,0.6842094469136051,49,77.55102040816327,1.6675259409088665,1.3502644675363382
TV rating dip,put_credit,0.2,21,hold,0.5,245,90.61224489795919,1.2083772479077413,1.1071891679507442,135,90.37037037037037,0.8551261885695659,1.061495705915302,26,84.61538461538461,6.864487213119177,2.045459773590768
TV rating dip,put_credit,0.2,21,hold,,201,88.55721393034825,6.2201574025964765,1.6050539885401214,109,85.3211009174312,3.9470713296680695,1.2530565664142228,20,90.0,15.028168489934947,4.277703373159668
TV rating dip,put_credit,0.2,21,signal,0.5,405,61.97530864197531,-1.1069897216079356,0.7837785448014848,218,64.22018348623854,-3.1368580145504725,0.5932527735297402,47,65.95744680851064,1.2498787149767199,1.3635533913222584
TV rating dip,put_credit,0.3,7,hold,0.5,390,83.33333333333334,4.039777324992942,1.2551281142975248,202,78.21782178217822,-3.7545995658277134,0.8862026380958504,47,85.1063829787234,16.21402297588919,2.1317516725383596
TV rating dip,put_credit,0.3,7,hold,,346,79.1907514450867,4.768963420229392,1.2565435977761306,182,75.82417582417582,-1.321605996961055,0.9637180939623831,40,92.5,28.91347977794648,5.005922696348543
TV rating dip,put_credit,0.3,7,signal,0.5,440,76.36363636363637,0.6741334925130753,1.0493992430001795,232,78.87931034482759,-3.2795244380674933,0.8723831348337804,55,89.0909090909091,14.884405671940591,2.625725773865597
TV rating dip,put_credit,0.3,14,hold,0.5,299,87.29096989966555,6.08097082399618,1.3342431576289218,152,82.23684210526315,1.1990319095998119,1.0371582060029607,31,74.19354838709677,3.6392354227401515,1.1349351139331638
TV rating dip,put_credit,0.3,14,hold,,247,80.97165991902834,10.66888076217183,1.5399351539487403,126,74.60317460317461,3.9188639777722685,1.1038260772448931,28,75.0,9.931613378638891,1.347253724762239
TV rating dip,put_credit,0.3,14,signal,0.5,409,73.59413202933986,2.396351447003111,1.2606559195646192,220,74.0909090909091,-0.0010917250149524837,0.9999310608335877,49,77.55102040816327,4.788040004592219,1.392476972214925
TV rating dip,put_credit,0.3,21,hold,0.5,246,86.99186991869918,7.554300893631245,1.381817149542619,133,84.9624060150376,9.15800182370865,1.3679359020572517,25,84.0,7.697274637917542,1.299704393773499
TV rating dip,put_credit,0.3,21,hold,,201,83.5820895522388,14.609682891930994,1.666392713034584,109,77.98165137614679,12.965797768619181,1.3804786606983563,20,80.0,20.666369804396897,1.8174538492369756
TV rating dip,put_credit,0.3,21,signal,0.5,404,69.3069306930693,2.148537894603766,1.2577929098892409,218,72.01834862385321,-0.8545709173933946,0.9377158116283936,47,70.2127659574468,5.063457969431383,1.6198198039594618
TV rating dip,put_credit,0.4,7,hold,0.5,388,81.95876288659794,9.166192423515877,1.3845578915652643,196,71.42857142857143,-4.76483362931489,0.8910035197936089,47,78.72340425531915,16.67865899547671,1.741219823966307
TV rating dip,put_credit,0.4,7,hold,,346,75.43352601156069,9.38347450023347,1.335675743190758,182,69.23076923076923,0.579876522582205,1.0128228032374664,40,67.5,20.101351648494024,2.08579559429363
TV rating dip,put_credit,0.4,7,signal,0.5,440,77.04545454545455,2.872097053166711,1.1408201934873745,232,75.0,-2.9728978284902094,0.903027774021419,55,78.18181818181819,15.076197376185243,1.983242466406809
TV rating dip,put_credit,0.4,14,hold,0.5,289,82.00692041522491,8.325338519507119,1.2923162889643625,144,74.30555555555556,-3.0768831450684626,0.9313045720428921,29,72.41379310344827,-9.968515445305904,0.7967302074624422
TV rating dip,put_credit,0.4,14,hold,,247,76.11336032388664,14.354445359578236,1.4543823501666273,126,70.63492063492063,1.8958208054088455,1.0363176139891128,28,67.85714285714286,-3.245277432002758,0.9350147655937623
TV rating dip,put_credit,0.4,14,signal,0.5,406,73.64532019704434,3.767391962375779,1.2836126421282439,219,70.77625570776256,-1.384667491886689,0.9316970329580073,49,75.51020408163265,2.652946050336687,1.1571729322575157
TV rating dip,put_credit,0.4,21,hold,0.5,237,84.38818565400844,11.738916695699409,1.43221208943919,124,79.83870967741935,6.301798693707725,1.1678649361430924,24,70.83333333333334,1.6020580130445434,1.038305333972842
TV rating dip,put_credit,0.4,21,hold,,201,79.60199004975125,20.41572682479691,1.6479727503550181,109,77.06422018348624,16.9619174375786,1.374807631627782,20,70.0,13.244735375374114,1.3131873767550033
TV rating dip,put_credit,0.4,21,signal,0.5,402,69.15422885572139,2.924754102388323,1.2639537023574277,218,69.72477064220183,-1.628626157722635,0.9037107445599659,47,70.2127659574468,2.066339510884114,1.1599541160872096
TV rating dip,call_debit,0.5,14,signal,0.5,405,54.567901234567906,-6.0249006087350105,0.8086400386182555,219,60.73059360730594,-6.265832249433951,0.8297839281966478,49,71.42857142857143,-0.11960582983246698,0.9958123285782456
TV rating dip,call_debit,0.5,14,signal,1.0,405,54.567901234567906,-6.0249006087350105,0.8086400386182555,219,60.73059360730594,-6.265832249433951,0.8297839281966478,49,71.42857142857143,-0.11960582983246698,0.9958123285782456
TV rating dip,call_debit,0.5,14,hold,0.5,252,49.60317460317461,7.952845415712315,1.1150337808623056,136,59.55882352941176,-1.472815320566444,0.9814054239816923,29,55.172413793103445,-12.319938329970686,0.8498765915043716
TV rating dip,call_debit,0.5,21,signal,0.5,402,56.21890547263681,-4.9180452066164255,0.8167745668814727,218,61.00917431192661,-4.587502026817072,0.8426161726776495,47,70.2127659574468,-2.7808676305239866,0.8878912240973379
TV rating dip,call_debit,0.5,21,signal,1.0,402,56.21890547263681,-4.9180452066164255,0.8167745668814727,218,61.00917431192661,-4.587502026817072,0.8426161726776495,47,70.2127659574468,-2.7808676305239866,0.8878912240973379
TV rating dip,call_debit,0.5,21,hold,0.5,203,50.24630541871922,0.06473778543618268,1.0008220893776854,115,68.69565217391305,19.88984999526915,1.3000052000098388,22,54.54545454545454,-10.6935965108604,0.8710313864748619
TV rating dip,call_debit,0.65,14,signal,0.5,405,66.17283950617285,1.2794882001493169,1.0487152740717725,219,70.77625570776256,-2.5588134423177555,0.8866540081508606,49,75.51020408163265,2.6728830516849347,1.158597233463901
TV rating dip,call_debit,0.65,14,signal,1.0,405,66.17283950617285,1.2794882001493169,1.0487152740717725,219,70.77625570776256,-2.485398333116441,0.8899060265401335,49,75.51020408163265,2.6728830516849347,1.158597233463901
TV rating dip,call_debit,0.65,14,hold,0.5,263,62.3574144486692,7.534865193786682,1.1229178932703807,144,72.22222222222221,-1.9981585415932241,0.9573761843785132,29,72.41379310344827,-8.736578591543676,0.8144919206456829
TV rating dip,call_debit,0.65,21,signal,0.5,402,66.16915422885572,1.4622043313231083,1.072168654549066,218,69.26605504587155,-1.5508049430191226,0.9127260841780352,47,70.2127659574468,2.102496490400816,1.1635829766659564
TV rating dip,call_debit,0.65,21,signal,1.0,402,66.16915422885572,1.4622043313231083,1.072168654549066,218,69.26605504587155,-1.485764069481816,0.9163863586359121,47,70.2127659574468,2.102496490400816,1.1635829766659564
TV rating dip,call_debit,0.65,21,hold,0.5,216,67.5925925925926,6.779661238602756,1.1232421765203229,122,77.8688524590164,6.18528848567383,1.152288642730222,24,75.0,1.541908859584079,1.0388300256578586
ANY oversold,put_credit,0.2,7,hold,0.5,709,86.31875881523273,1.1547049512668062,1.1313381677161534,428,81.54205607476635,-0.7558992096464539,0.9419693692162878,66,90.9090909090909,11.366776770243655,5.815870076200633
ANY oversold,put_credit,0.2,7,hold,,648,84.10493827160494,1.8776248275229812,1.1998771261111785,393,79.13486005089058,0.9672295533603582,1.0729481288948501,55,94.54545454545455,14.175039123764895,7.711949840504489
ANY oversold,put_credit,0.2,7,signal,0.5,853,75.14654161781947,-0.5064919484536012,0.9268997899721217,501,78.64271457085829,-2.6480432292453355,0.7584942917458509,77,81.81818181818183,6.40233863916752,3.4161762808649767
ANY oversold,put_credit,0.2,14,hold,0.5,528,88.25757575757575,3.010240912416015,1.3652160551618533,311,85.85209003215434,-4.068153327795237,0.7666862019304087,42,88.09523809523809,9.521147916428069,3.0441556871572586
ANY oversold,put_credit,0.2,14,hold,,458,87.77292576419214,7.343630406982699,2.0565118083087244,261,83.5249042145594,-0.0471792186130093,0.9972494514574831,37,89.1891891891892,12.2547442747339,3.2009657222866346
ANY oversold,put_credit,0.2,14,signal,0.5,788,63.95939086294417,-0.8193414241788257,0.8420937660887209,460,69.78260869565217,-3.234178599562506,0.6178696106059377,68,67.64705882352942,0.6912761842585438,1.1553486837988218
ANY oversold,put_credit,0.2,21,hold,0.5,433,91.91685912240185,3.2499043585215466,1.3527763131545616,263,84.79087452471484,-2.1679844403848554,0.8629010121054903,34,85.29411764705883,6.528978155440456,1.9520616149014482
ANY oversold,put_credit,0.2,21,hold,,368,88.58695652173914,5.985912506135709,1.5864251752985845,213,80.28169014084507,3.7947779474913226,1.258444495501223,28,89.28571428571429,17.04199455076886,13.39645212123915
ANY oversold,put_credit,0.2,21,signal,0.5,782,55.370843989769824,-1.4895606673935609,0.6986217211312378,452,62.38938053097345,-3.4184607020159836,0.536607860615737,66,57.57575757575758,-0.17882000887206842,0.9517425912848178
ANY oversold,put_credit,0.3,7,hold,0.5,713,81.90743338008414,3.046248668599777,1.1938176563958727,431,77.9582366589327,1.0769184176377355,1.0389930724071919,67,88.05970149253731,21.756346667955036,3.1644010828146056
ANY oversold,put_credit,0.3,7,hold,,648,78.39506172839506,4.56126614118219,1.2585066725795715,393,73.2824427480916,4.035261883328182,1.1346859424861269,55,89.0909090909091,29.631494475564942,5.850701614738329
ANY oversold,put_credit,0.3,7,signal,0.5,854,75.99531615925058,0.8141101623935121,1.0667882031712523,502,78.68525896414343,-0.3323455417522121,0.9842551573089636,76,84.21052631578947,14.145357635065146,2.991715785897816
ANY oversold,put_credit,0.3,14,hold,0.5,524,84.54198473282443,4.648142051395315,1.2636523779701625,315,83.4920634920635,0.39974909552208937,1.0124799055056948,42,78.57142857142857,11.414595628151018,1.5432955925873741
ANY oversold,put_credit,0.3,14,hold,,458,82.31441048034934,12.427074405197065,1.7345194765944645,261,77.77777777777779,5.828077177886655,1.1658426285572943,37,78.37837837837837,19.552031452796356,1.9031711767067563
ANY oversold,put_credit,0.3,14,signal,0.5,789,70.97591888466414,1.76668544057025,1.2060448331883253,460,73.69565217391305,-0.7998468662817914,0.9469871388219488,68,72.05882352941177,3.423229795530195,1.333141680112445
ANY oversold,put_credit,0.3,21,hold,0.5,438,88.12785388127854,8.814202485103177,1.5150928050469803,268,80.97014925373134,-2.8630676968865716,0.9169613338176119,36,80.55555555555556,8.379727056561649,1.3296202360986031
ANY oversold,put_credit,0.3,21,hold,,368,83.15217391304348,13.511474579995513,1.6457862806413732,213,75.11737089201877,3.1655787927546357,1.0776328752208895,28,75.0,23.475366609747567,2.226897484774995
ANY oversold,put_credit,0.3,21,signal,0.5,782,66.62404092071611,1.1434470178646952,1.1451722860142606,452,69.02654867256636,-1.1490326829782227,0.9093387889667313,66,66.66666666666666,2.83003456665186,1.3812169715047222
ANY oversold,put_credit,0.4,7,hold,0.5,707,80.19801980198021,5.5232759697408405,1.2199793070730431,423,73.28605200945626,0.31156883285679887,1.0079169514284696,63,79.36507936507937,20.474545016185957,2.084094349239249
ANY oversold,put_credit,0.4,7,hold,,648,75.92592592592592,8.262675692847509,1.2992981757137072,393,67.93893129770993,1.5320884944162838,1.0357124084534437,55,65.45454545454545,20.823739180161997,2.113416421662105
ANY oversold,put_credit,0.4,7,signal,0.5,855,77.42690058479532,3.0121260889181936,1.1643598972042613,500,74.6,-0.20914283224858388,0.9919840979886889,74,74.32432432432432,11.925581632154973,1.84232264091114
ANY oversold,put_credit,0.4,14,hold,0.5,515,80.0,5.975367256671287,1.213229922334065,303,78.21782178217822,4.705888434734441,1.1231995611353307,41,75.60975609756098,6.65161986981857,1.1917238646217443
ANY oversold,put_credit,0.4,14,hold,,458,76.85589519650655,15.588677453075968,1.5507826633025876,261,70.49808429118774,6.133264848382647,1.1324044178719646,37,70.27027027027027,11.858099508541102,1.3206148411695207
ANY oversold,put_credit,0.4,14,signal,0.5,786,72.51908396946564,2.9906739641255986,1.2398257498957606,458,69.21397379912663,-1.2568100315779296,0.9314272026769577,68,72.05882352941177,0.9960495884639435,1.0692053654180604
ANY oversold,put_credit,0.4,21,hold,0.5,426,82.3943661971831,8.332781159209388,1.296628929443842,255,77.64705882352942,0.4601705968615305,1.011038033625355,34,70.58823529411765,-6.24812267101728,0.8724140884717284
ANY oversold,put_credit,0.4,21,hold,,368,75.81521739130434,16.78702810619718,1.531771605986845,213,72.30046948356808,6.812917597568575,1.1334361844388998,28,64.28571428571429,7.024590506709098,1.1765990749269917
ANY oversold,put_credit,0.4,21,signal,0.5,780,68.46153846153847,2.19012100271419,1.2085057649272446,452,67.2566371681416,-1.6694301670723577,0.8915955230290389,66,65.15151515151516,0.08568619342207244,1.0075892740206862
ANY oversold,call_debit,0.5,14,signal,0.5,785,53.88535031847134,-6.128039684006866,0.801168280956867,458,62.44541484716157,-4.331567007761146,0.8659950820583321,68,66.17647058823529,-3.0841658167647936,0.8792292705661319
ANY oversold,call_debit,0.5,14,signal,1.0,785,53.88535031847134,-6.128039684006866,0.801168280956867,458,62.44541484716157,-4.331567007761146,0.8659950820583321,68,66.17647058823529,-3.0841658167647936,0.8792292705661319
ANY oversold,call_debit,0.5,14,hold,0.5,467,44.53961456102783,-9.858131826133452,0.8642735292459843,286,61.18881118881119,8.184750943019429,1.1119052703254113,38,50.0,-26.436821622848353,0.6984903145370456
ANY oversold,call_debit,0.5,21,signal,0.5,780,55.38461538461539,-4.902860561412625,0.8111424275266799,452,62.38938053097345,-3.532188344117722,0.8631515076904384,66,63.63636363636363,-4.338342698519174,0.7984866521267958
ANY oversold,call_debit,0.5,21,signal,1.0,780,55.38461538461539,-4.902860561412625,0.8111424275266799,452,62.38938053097345,-3.532188344117722,0.8631515076904384,66,63.63636363636363,-4.338342698519174,0.7984866521267958
ANY oversold,call_debit,0.5,21,hold,0.5,378,47.883597883597886,-6.182174014254959,0.9229690253660812,241,68.87966804979253,21.058117393129645,1.321763160481316,32,53.125,-19.44158691362682,0.7802203907112957
ANY oversold,call_debit,0.65,14,signal,0.5,785,64.20382165605095,0.44952788108164876,1.0174242612246924,458,68.77729257641921,-2.2391448363821533,0.8913901377139091,68,72.05882352941177,1.5064508455666528,1.104848590996629
ANY oversold,call_debit,0.65,14,signal,1.0,785,64.20382165605095,0.44952788108164876,1.0174242612246924,458,68.77729257641921,-2.2391448363821533,0.8913901377139091,68,72.05882352941177,1.5064508455666528,1.104848590996629
ANY oversold,call_debit,0.65,14,hold,0.5,483,58.38509316770186,-1.0208137319311967,0.9837352790801757,304,76.64473684210526,7.395066309222237,1.1811753639686022,41,73.17073170731707,9.062317535090669,1.2598520192756817
ANY oversold,call_debit,0.65,21,signal,0.5,780,64.74358974358975,1.3644304981121738,1.0711159169048015,452,67.69911504424779,-1.9138554787868274,0.8837842059020818,66,65.15151515151516,0.48783278312489364,1.0435584999393088
ANY oversold,call_debit,0.65,21,signal,1.0,780,64.74358974358975,1.3644304981121738,1.0711159169048015,452,67.69911504424779,-1.9138554787868274,0.8837842059020818,66,65.15151515151516,0.48783278312489364,1.0435584999393088
ANY oversold,call_debit,0.65,21,hold,0.5,400,65.25,0.30198081135972743,1.0048722513507593,254,77.16535433070865,0.48033561493467974,1.010839238502223,34,70.58823529411765,-6.727629245156244,0.8589732179473414
"Every Monday, up (no signal)",put_credit,0.2,7,hold,0.5,724,86.60220994475138,-0.6313627512634369,0.9381545345436856,466,83.47639484978541,-0.8200296431379666,0.935971604148016,64,73.4375,-2.022306718156512,0.8449879302915868
"Every Monday, up (no signal)",put_credit,0.2,7,hold,,650,84.46153846153847,0.8857808021405287,1.0857390373800322,385,80.77922077922078,0.056170616644145153,1.0037974295285617,53,77.35849056603774,2.5655708906760872,1.2180603737422204
"Every Monday, up (no signal)",put_credit,0.2,7,signal,0.5,1078,40.1669758812616,-4.737855171376875,0.3089860409974993,656,45.27439024390244,-4.959350679429956,0.3565277874917531,88,53.40909090909091,-2.5572462707037813,0.5647254280062429
"Every Monday, up (no signal)",put_credit,0.2,14,hold,0.5,550,88.36363636363636,0.2752320013358146,1.026340717338461,353,86.11898016997166,-2.067169161882164,0.8646991384446929,47,85.1063829787234,10.2449157870163,3.808135946885027
"Every Monday, up (no signal)",put_credit,0.2,14,hold,,431,87.23897911832947,3.29405102635387,1.313643767988676,270,83.7037037037037,0.48329755684969095,1.0293201479941583,37,86.48648648648648,13.051140583032863,4.697660464065529
"Every Monday, up (no signal)",put_credit,0.2,14,signal,0.5,1067,32.146204311152765,-5.136869082869633,0.2188736301042733,654,35.47400611620795,-4.6332319905947665,0.2888492549846432,86,48.837209302325576,-2.8074514632459766,0.4342803922839099
"Every Monday, up (no signal)",put_credit,0.2,21,hold,0.5,451,88.470066518847,-0.42970693675479266,0.9632668419889577,299,84.94983277591973,-6.027266108745939,0.685719623474319,37,86.48648648648648,9.875598271118248,3.5159416565208463
"Every Monday, up (no signal)",put_credit,0.2,21,hold,,340,84.70588235294117,0.023618070639390545,1.0016142095247966,209,81.3397129186603,-4.083908236287515,0.8097768690469481,28,82.14285714285714,8.794941976468346,2.1440736870862507
"Every Monday, up (no signal)",put_credit,0.2,21,signal,0.5,1066,28.23639774859287,-5.275254738261392,0.18321449615261814,653,30.781010719754974,-4.971417942202813,0.234874974631661,86,45.348837209302324,-3.4902348993512664,0.32316697652686854
"Every Monday, up (no signal)",put_credit,0.3,7,hold,0.5,742,81.6711590296496,-0.42414705113735257,0.9753722185667925,474,79.11392405063292,-0.625353024136523,0.9779738836707206,67,65.67164179104478,-14.863486402050944,0.6270913535469115
"Every Monday, up (no signal)",put_credit,0.3,7,hold,,650,78.15384615384615,1.74476525242815,1.094143179257759,385,76.62337662337663,4.602880961543656,1.145621506093114,53,67.9245283018868,-5.684096803899615,0.8525995903157041
"Every Monday, up (no signal)",put_credit,0.3,7,signal,0.5,1078,48.88682745825603,-4.952008873673082,0.4852119760402122,656,56.09756097560976,-4.343170002932853,0.6564057771753847,88,62.5,-2.611034770456928,0.7943695885879165
"Every Monday, up (no signal)",put_credit,0.3,14,hold,0.5,562,84.69750889679716,2.1675063463847604,1.116758948130887,364,84.61538461538461,2.991432416452722,1.1039995435701824,47,80.85106382978722,7.263330862252992,1.3109540206036183
"Every Monday, up (no signal)",put_credit,0.3,14,hold,,431,81.67053364269141,8.197812572412964,1.4199912024274186,270,78.88888888888889,8.048984572124736,1.2385605515375224,37,78.37837837837837,12.166239128185719,1.5064018929994754
"Every Monday, up (no signal)",put_credit,0.3,14,signal,0.5,1067,44.98594189315839,-4.595892085600153,0.4747114595734618,654,49.54128440366973,-3.7937243795316955,0.624129004795136,86,59.30232558139535,-1.7771785911011493,0.8091392268298333
"Every Monday, up (no signal)",put_credit,0.3,21,hold,0.5,458,84.49781659388647,1.6636762937214062,1.0807316281809074,300,82.66666666666667,-3.0160507517918402,0.9117590090523708,36,83.33333333333334,4.120493383290067,1.146180673602185
"Every Monday, up (no signal)",put_credit,0.3,21,hold,,340,79.41176470588235,2.9657961894960487,1.1087524384105354,209,74.64114832535886,1.1663418967378287,1.0280182200528245,28,71.42857142857143,6.362707230591412,1.1992346797931264
"Every Monday, up (no signal)",put_credit,0.3,21,signal,0.5,1066,42.68292682926829,-4.596389489393492,0.4490887662065793,653,46.094946401225116,-3.805633697727895,0.5804385117160344,86,54.65116279069767,-2.021604913720833,0.7557430733182721
"Every Monday, up (no signal)",put_credit,0.4,7,hold,0.5,745,76.91275167785236,-1.5174053377260854,0.9478827605748614,463,72.78617710583153,-3.6730244639428067,0.9091594824059226,64,57.8125,-33.61029244281638,0.4716405163596631
"Every Monday, up (no signal)",put_credit,0.4,7,hold,,650,72.76923076923076,2.0277710836886795,1.065260955523163,385,71.68831168831169,6.405149544540078,1.1534297369233886,53,56.60377358490566,-19.34852940425339,0.6712695357510362
"Every Monday, up (no signal)",put_credit,0.4,7,signal,0.5,1078,56.029684601113175,-4.581730998231846,0.655860567143735,656,55.94512195121951,-4.814924613444016,0.6927692927569142,88,57.95454545454546,-5.019570550583985,0.7093967243748507
"Every Monday, up (no signal)",put_credit,0.4,14,hold,0.5,558,78.85304659498208,1.0600315876958533,1.0347945091881676,352,79.26136363636364,6.773653141934432,1.1971852670645449,45,68.88888888888889,-8.38633112261302,0.8165733955205798
"Every Monday, up (no signal)",put_credit,0.4,14,hold,,431,73.78190255220419,7.730943280880418,1.234680288075962,270,75.18518518518519,13.120697799768234,1.3224528665677329,37,62.16216216216216,-9.884475742007115,0.8105042192942681
"Every Monday, up (no signal)",put_credit,0.4,14,signal,0.5,1067,51.73383317713215,-4.102436592040899,0.6283346105673688,654,50.0,-4.29022025567558,0.6537761239424256,86,54.65116279069767,-3.9418373242630254,0.7029274889881043
"Every Monday, up (no signal)",put_credit,0.4,21,hold,0.5,444,78.82882882882883,-0.44922504394844354,0.9865791449545154,279,79.56989247311827,1.8414310810009837,1.0464139049190349,36,72.22222222222221,-2.450747971894901,0.9402768988898829
"Every Monday, up (no signal)",put_credit,0.4,21,hold,,340,74.11764705882354,4.457484382856451,1.10753649849878,209,71.29186602870813,5.4502252985376805,1.1045162751840238,28,60.71428571428571,-6.496611026020735,0.8795484315972684
"Every Monday, up (no signal)",put_credit,0.4,21,signal,0.5,1066,48.96810506566604,-4.091531301915231,0.5913344124635175,653,48.085758039816234,-4.079394087860313,0.6208569734182062,86,52.32558139534884,-3.2051519050077615,0.7048704682314132
"Every Monday, up (no signal)",call_debit,0.5,14,signal,0.5,1067,47.70384254920337,-6.945004113275273,0.6817865201238454,654,52.14067278287462,-5.384359608407667,0.74739705128146,86,53.48837209302325,-7.826537242379621,0.672309917796982
"Every Monday, up (no signal)",call_debit,0.5,14,signal,1.0,1067,47.70384254920337,-6.945004113275273,0.6817865201238454,654,52.14067278287462,-5.384359608407667,0.74739705128146,86,53.48837209302325,-7.826537242379621,0.672309917796982
"Every Monday, up (no signal)",call_debit,0.5,14,hold,0.5,461,39.69631236442516,-22.83305361320024,0.70892219027939,314,62.42038216560509,11.200805370393015,1.1566204544033551,45,44.44444444444444,-42.044421268717656,0.567902611892793
"Every Monday, up (no signal)",call_debit,0.5,21,signal,0.5,1066,47.74859287054409,-6.211812760579385,0.6757103557098443,653,51.76110260336907,-5.028361173084687,0.715978539098409,86,53.48837209302325,-6.107464150543792,0.6819048356640247
"Every Monday, up (no signal)",call_debit,0.5,21,signal,1.0,1066,47.74859287054409,-6.211812760579385,0.6757103557098443,653,51.76110260336907,-5.028361173084687,0.715978539098409,86,53.48837209302325,-6.107464150543792,0.6819048356640247
"Every Monday, up (no signal)",call_debit,0.5,21,hold,0.5,365,42.19178082191781,-23.218601247668275,0.72264284014428,249,63.05220883534136,3.2085858274114094,1.0428994469974893,34,55.88235294117647,-29.692105275999978,0.6943373093770834
"Every Monday, up (no signal)",call_debit,0.65,14,signal,0.5,1067,53.42080599812559,-4.884697199311201,0.7514137751355708,654,50.764525993883794,-4.839553922438086,0.6537761340908499,86,54.65116279069767,-3.8037182854365246,0.7108058896103386
"Every Monday, up (no signal)",call_debit,0.65,14,signal,1.0,1067,53.42080599812559,-4.884697199311201,0.7514137751355708,654,50.764525993883794,-4.839553922438086,0.6537761340908499,86,54.65116279069767,-3.8037182854365246,0.7108058896103386
"Every Monday, up (no signal)",call_debit,0.65,14,hold,0.5,492,55.08130081300813,-11.390698003075936,0.8411194638325209,344,75.87209302325581,7.015971831866204,1.1777970440014027,45,66.66666666666666,-8.092848454885006,0.8198064391629524
"Every Monday, up (no signal)",call_debit,0.65,21,signal,0.5,1066,52.4390243902439,-4.264601079785867,0.7297461920661309,653,48.545176110260336,-4.245973977389838,0.628920884020468,86,53.48837209302325,-3.028839291318295,0.714772111479069
"Every Monday, up (no signal)",call_debit,0.65,21,signal,1.0,1066,52.4390243902439,-4.264601079785867,0.7297461920661309,653,48.545176110260336,-4.245973977389838,0.628920884020468,86,53.48837209302325,-3.028839291318295,0.714772111479069
"Every Monday, up (no signal)",call_debit,0.65,21,hold,0.5,397,62.21662468513854,-1.5824261832396564,0.9755149476859067,276,78.26086956521739,4.253871624148035,1.104580088523487,37,72.97297297297297,-7.565546493137541,0.8371535986970952
