signal,side,h,n_tr,win_tr,avg_tr,edge_tr,n_va,win_va,avg_va,edge_va,n_ho,win_ho,avg_ho,pass_train,pass_both
RSI(14) <30 rising / >70 falling,bull,1,15,46.666666666666664,0.3564516026025922,-7.494481236203093,14,35.714285714285715,-1.9822844907174382,-19.096320346320347,0,,,False,False
RSI(14) <30 rising / >70 falling,bull,3,15,46.666666666666664,0.32194637940016796,-10.132450331125831,14,50.0,-1.525514283182008,-7.329545454545453,0,,,False,False
RSI(14) <30 rising / >70 falling,bull,5,15,40.0,1.1030256429682412,-17.538631346578363,14,78.57142857142857,0.4453660661035269,19.347943722943718,0,,,False,False
RSI(14) <30 rising / >70 falling,bull,10,15,40.0,0.23442673582865908,-19.448123620309048,14,57.14285714285714,-1.2580924006510446,-5.679112554112557,0,,,False,False
RSI(14) <30 rising / >70 falling,bear,1,144,45.13888888888889,-0.026622188187259973,-0.6999632082413498,77,49.35064935064935,0.09288684295801877,4.161255411255411,14,35.714285714285715,-0.30816232006063177,False,False
RSI(14) <30 rising / >70 falling,bear,3,144,43.05555555555556,-0.09056052395259068,-0.1453274466519474,77,50.649350649350644,0.1055389095432865,7.978896103896098,14,21.428571428571427,-0.4473657931807008,False,False
RSI(14) <30 rising / >70 falling,bear,5,144,43.75,-0.01138596725865251,1.288631346578363,77,49.35064935064935,0.15611420014759414,8.5741341991342,14,28.57142857142857,-0.8845657949593838,False,False
RSI(14) <30 rising / >70 falling,bear,10,144,38.88888888888889,0.06591179393381072,-1.6629874908020597,77,31.16883116883117,-0.5932522451873321,-6.009199134199136,14,21.428571428571427,-1.8196643845356082,False,False
"Stoch(14,3,3) <20 K>D / >80 K<D",bull,1,309,53.398058252427184,0.14049275187092353,-0.7630896504425735,242,52.47933884297521,-0.049043159129246214,-2.3312672176308524,16,56.25,-0.029222928753836613,False,False
"Stoch(14,3,3) <20 K>D / >80 K<D",bull,3,309,59.22330097087378,0.3821137996932743,2.424183973081284,242,54.54545454545454,0.33616976552081584,-2.7840909090909136,16,56.25,-0.030977139337911463,False,False
"Stoch(14,3,3) <20 K>D / >80 K<D",bull,5,309,59.54692556634305,0.8229849183228931,2.008294219764686,242,55.371900826446286,0.22429246316004545,-3.8515840220385655,15,33.33333333333333,0.25029852863435403,False,False
"Stoch(14,3,3) <20 K>D / >80 K<D",bull,10,309,62.45954692556634,1.3411301013191543,3.0114233052572956,242,56.611570247933884,0.24203593900072534,-6.210399449035812,15,46.666666666666664,1.1337617945096852,True,False
"Stoch(14,3,3) <20 K>D / >80 K<D",bear,1,1307,45.90665646518745,-0.055710619410234495,0.06780436805721024,836,44.01913875598086,-0.04837753461467452,-1.1702551834130759,75,44.0,-0.07808443747763076,False,False
"Stoch(14,3,3) <20 K>D / >80 K<D",bear,3,1307,44.9885233358837,-0.06789018716537744,1.787640333676194,836,41.02870813397129,-0.12393102894047377,-1.641746411483254,75,44.0,-0.08694313428521296,False,False
"Stoch(14,3,3) <20 K>D / >80 K<D",bear,5,1307,42.922723794950265,-0.10104665889958182,0.4613551415286281,836,42.3444976076555,-0.09401988660031695,1.5679824561403493,75,48.0,-0.35716782956152654,False,False
"Stoch(14,3,3) <20 K>D / >80 K<D",bear,10,1307,37.566947207345066,-0.4001699026909518,-2.984929172345886,836,36.72248803827751,-0.30849312990005634,-0.45554226475279336,71,30.985915492957744,-1.5483806982465251,False,False
CCI(20) <-100 rising / >100 falling,bull,1,620,55.64516129032258,0.17469330050078818,1.4840133874528192,304,53.61842105263158,0.0036279844461206863,-1.19218500797448,34,64.70588235294117,0.48897283743232833,False,False
CCI(20) <-100 rising / >100 falling,bull,3,620,58.87096774193549,0.3712882447588906,2.071850744142992,304,58.88157894736842,0.4828768326099319,1.5520334928229644,34,55.88235294117647,0.5315274047959179,False,False
CCI(20) <-100 rising / >100 falling,bull,5,620,56.612903225806456,0.36528382476603727,-0.9257281207719075,304,63.81578947368421,0.6165816921152945,4.592304625199361,32,37.5,0.42792406275584705,False,False
CCI(20) <-100 rising / >100 falling,bull,10,620,57.096774193548384,0.6265301699837424,-2.351349426760663,304,60.526315789473685,0.39842468049880375,-2.2956539074960105,31,51.61290322580645,1.3660898397347185,False,False
CCI(20) <-100 rising / >100 falling,bear,1,1168,46.74657534246575,-0.005344312669168371,0.9077232453355109,742,45.956873315363886,-0.008853411296923498,0.7674793759699483,61,49.18032786885246,-0.2561257494951082,False,False
CCI(20) <-100 rising / >100 falling,bear,3,1168,43.321917808219176,-0.0627084734133122,0.12103480601167149,742,44.20485175202156,-0.027802997818471047,1.5343972065670144,61,34.42622950819672,-0.45285867352229175,False,False
CCI(20) <-100 rising / >100 falling,bear,5,1168,42.29452054794521,-0.06247958403608899,-0.1668481054764257,742,43.126684636118604,-0.15102554845216792,2.3501694846034553,61,42.62295081967213,-0.5529478354077578,False,False
CCI(20) <-100 rising / >100 falling,bear,10,1168,40.06849315068493,-0.14421456984365866,-0.48338322900602293,742,35.17520215633424,-0.5307645629832,-2.002828146696068,58,41.37931034482759,-1.076673175519824,False,False
"ADX(14) >20, +DI>-DI / -DI>+DI",bull,1,1212,52.310231023102304,-0.009424525113265863,-1.8509168797674533,1023,53.47018572825024,0.001723687478009601,-1.3404203323558193,68,54.41176470588235,0.17664119097104825,False,False
"ADX(14) >20, +DI>-DI / -DI>+DI",bull,3,1212,55.363036303630366,0.06210473968415877,-1.4360806941621291,1023,52.68817204301075,-0.040911631491825105,-4.641373411534701,68,66.17647058823529,0.2874355619221653,False,False
"ADX(14) >20, +DI>-DI / -DI>+DI",bull,5,1212,55.44554455445545,0.08116194660244712,-2.093086792122911,1023,55.034213098729225,0.025157881318422667,-4.189271749755626,68,51.470588235294116,0.12406995012715288,False,False
"ADX(14) >20, +DI>-DI / -DI>+DI",bull,10,1212,58.745874587458744,0.19358001089822138,-0.7022490328503039,1023,61.87683284457478,0.23099923629002717,-0.9451368523949171,68,57.35294117647059,0.7856751159231105,False,False
"ADX(14) >20, +DI>-DI / -DI>+DI",bear,1,1260,44.84126984126984,-0.1496679294590951,-0.9975822558604008,594,42.08754208754209,-0.22348313218764723,-3.1018518518518476,77,54.54545454545454,0.037145185424042125,False,False
"ADX(14) >20, +DI>-DI / -DI>+DI",bear,3,1260,39.523809523809526,-0.38160113195709794,-3.677073478397979,594,40.235690235690235,-0.5668963266107245,-2.4347643097643115,77,50.649350649350644,-0.17751734207946013,False,False
"ADX(14) >20, +DI>-DI / -DI>+DI",bear,5,1260,38.57142857142858,-0.6939621861543493,-3.8899400819930605,594,31.818181818181817,-0.8081998341473517,-8.958333333333332,75,54.666666666666664,-0.4094251637144084,False,False
"ADX(14) >20, +DI>-DI / -DI>+DI",bear,10,1260,35.3968253968254,-1.2295853159519996,-5.1550509828655535,594,35.01683501683502,-1.1371752755475357,-2.1611952861952872,70,41.42857142857143,-1.6724950703906414,False,False
Awesome Osc >0 rising / <0 falling,bull,1,3020,53.34437086092715,0.013994713127155492,-0.8167770419426077,1811,55.2733296521259,0.05884446738456474,0.46272359151983977,178,49.43820224719101,0.08282355172407695,False,False
Awesome Osc >0 rising / <0 falling,bull,3,3020,55.19867549668874,0.0559806633725281,-1.6004415011037523,1811,56.37769188293761,0.10222963313619042,-0.9518535716078418,175,56.57142857142857,0.2432576801501049,False,False
Awesome Osc >0 rising / <0 falling,bull,5,3020,56.920529801324506,0.07836287962409884,-0.6181015452538574,1811,58.53119823302043,0.20448279629424213,-0.6922866154644183,174,50.57471264367817,0.1726071465803417,False,False
Awesome Osc >0 rising / <0 falling,bull,10,3020,59.93377483443708,0.19430094786242957,0.48565121412803336,1811,63.445610160132524,0.4813476759960999,0.623640463162829,169,50.29585798816568,0.4857469079663512,False,False
Awesome Osc >0 rising / <0 falling,bear,1,1757,44.96300512236767,-0.10774162461073004,-0.8758469747625739,897,45.59643255295429,-0.06893535322625166,0.40703861356035276,130,45.38461538461539,-0.1347607357398171,False,False
Awesome Osc >0 rising / <0 falling,bear,3,1757,41.4911781445646,-0.3062444205063272,-1.7097048576429046,897,45.48494983277592,-0.2189008200367857,2.814495287321371,130,46.15384615384615,-0.1794984507790986,False,False
Awesome Osc >0 rising / <0 falling,bear,5,1757,41.88958451906659,-0.4442535709530193,-0.5717841343550489,897,40.802675585284284,-0.33728296757677056,0.02616043376913524,127,55.118110236220474,-0.125272725129502,False,False
Awesome Osc >0 rising / <0 falling,bear,10,1757,38.98690950483779,-0.6656971378364333,-1.5649668748531624,897,38.01560758082497,-0.661745632670983,0.8375772777946651,124,50.806451612903224,-0.6651795591051489,False,False
Momentum(10) rising / falling,bull,1,4450,53.82022471910113,0.015930734483742954,-0.3409231837686306,2611,54.30869398697817,0.0304314681772614,-0.5019120736278921,291,58.075601374570454,0.094137102622094,False,False
Momentum(10) rising / falling,bull,3,4450,57.37078651685393,0.06968663693461048,0.5716695190614374,2611,57.64075067024129,0.17801364308952583,0.3112052156958356,287,54.70383275261324,0.21902034421054717,False,False
Momentum(10) rising / falling,bull,5,4450,58.31460674157304,0.13147493630929466,0.7759753949946742,2611,58.789735733435464,0.29655040077949457,-0.4337491150493875,284,48.59154929577465,0.3141093255972828,False,False
Momentum(10) rising / falling,bull,10,4450,60.022471910112365,0.3208358617509733,0.5743482898033179,2611,63.040980467253924,0.622949087026505,0.21901077028422833,278,51.438848920863315,0.6376959999070192,True,True
Momentum(10) rising / falling,bear,1,4603,45.25309580708234,-0.05670642919056559,-0.5857562900479039,2668,44.565217391304344,-0.10423484459925271,-0.6241765480895936,279,50.53763440860215,-0.08225975306251429,False,False
Momentum(10) rising / falling,bear,3,4603,43.60199869650228,-0.1370837538774671,0.40111569429477356,2668,42.95352323838081,-0.2252515882740399,0.283068692926264,277,44.765342960288805,-0.27189715343368615,False,False
Momentum(10) rising / falling,bear,5,4603,43.102324570932,-0.21670422566574193,0.640955917510361,2668,40.32983508245877,-0.36563124294503213,-0.44668006905637725,274,44.89051094890511,-0.46091193388087776,False,False
Momentum(10) rising / falling,bear,10,4603,40.9950032587443,-0.37168947397935526,0.44312687905334514,2668,37.331334332833585,-0.6884867880685637,0.15330402980328017,265,44.905660377358494,-0.8444665881209266,False,False
MACD above / below signal,bull,1,4576,53.605769230769226,0.039320449489743836,-0.5553786721005309,2779,54.372076286433966,0.07365151838577337,-0.43852977417209615,236,53.38983050847458,0.12572524773964208,False,False
MACD above / below signal,bull,3,4576,56.29370629370629,0.08036223245891382,-0.5054107040862021,2779,57.97049298308744,0.21213923968379977,0.6409475285419859,232,56.896551724137936,0.326884164055701,False,False
MACD above / below signal,bull,5,4576,57.53933566433567,0.09380208632623686,0.0007043177573038406,2779,59.40985966174883,0.3480633847338256,0.1863748132639813,230,51.30434782608696,0.5213669261180403,False,False
MACD above / below signal,bull,10,4576,60.24912587412587,0.18814856748708,0.8010022538168258,2779,63.296149694134584,0.6512528086218752,0.4741799971648888,220,57.72727272727273,1.1562810142244935,True,True
MACD above / below signal,bear,1,4484,44.93755575379126,-0.03236358098918193,-0.9012963433389842,2501,44.62215113954418,-0.060704966811081416,-0.5672427998497582,334,45.808383233532936,-0.06189583682908772,False,False
MACD above / below signal,bear,3,4484,42.52899197145406,-0.1275286733375722,-0.6718910307534429,2501,43.34266293482607,-0.19055297201975774,0.6722083893715265,332,46.08433734939759,-0.1877627235802273,False,False
MACD above / below signal,bear,5,4484,42.3728813559322,-0.25522477636158136,-0.0884872974894364,2501,40.94362255097961,-0.31391327064742064,0.16710739946446296,328,47.86585365853659,-0.2914101382495108,False,False
MACD above / below signal,bear,10,4484,41.324710080285456,-0.5024073007976683,0.7728337005945036,2501,37.664934026389446,-0.6600686697083747,0.48690372335914134,323,49.84520123839009,-0.45412170494367887,False,False
Stoch RSI <20 K>D in downtrend / >80 K<D in uptrend,bull,1,190,50.526315789473685,-0.04958184423749018,-3.6348321133960724,112,45.535714285714285,-0.2601304556806295,-9.274891774891778,1,100.0,0.6575567656426751,False,False
Stoch RSI <20 K>D in downtrend / >80 K<D in uptrend,bull,3,190,53.1578947368421,0.09060531012627267,-3.641222260950393,112,49.107142857142854,-0.07395423788895306,-8.2224025974026,1,0.0,-3.664509058529397,False,False
Stoch RSI <20 K>D in downtrend / >80 K<D in uptrend,bull,5,190,52.10526315789473,0.2640900680734196,-5.43336818868363,112,52.67857142857143,-0.3842829503922997,-6.544913419913421,1,0.0,-1.1644234391588903,False,False
Stoch RSI <20 K>D in downtrend / >80 K<D in uptrend,bull,10,190,52.63157894736842,0.4970130657697319,-6.81654467294063,112,44.642857142857146,-1.2573054599340538,-18.17911255411255,1,100.0,3.7860885646768816,False,False
Stoch RSI <20 K>D in downtrend / >80 K<D in uptrend,bear,1,747,44.712182061579654,-0.05023203751659077,-1.126670035550589,398,44.472361809045225,0.006130018731011046,-0.7170321303487128,42,47.61904761904761,-0.2634666605837809,False,False
Stoch RSI <20 K>D in downtrend / >80 K<D in uptrend,bear,3,747,42.302543507362785,-0.0976114789784999,-0.8983394948447199,398,48.743718592964825,0.10795417275941135,6.073264047510278,42,40.476190476190474,-0.2635508604592146,False,False
Stoch RSI <20 K>D in downtrend / >80 K<D in uptrend,bear,5,747,40.02677376171352,-0.16491477404847857,-2.434594891708116,398,47.73869346733669,0.20325924673667034,6.962178315821539,42,40.476190476190474,-0.6845778443186612,False,False
Stoch RSI <20 K>D in downtrend / >80 K<D in uptrend,bear,10,747,40.562248995983936,-0.1806598918361403,0.010372616292983139,398,41.959798994974875,0.009429601869513195,4.7817686919445705,39,41.02564102564102,-1.5754583787050171,False,False
Williams %R <-80 rising / >-20 falling,bull,1,357,53.78151260504202,0.07339994771375097,-0.37963529782773975,230,53.91304347826087,0.02305932751583578,-0.8975625823451949,22,50.0,0.17503588260190484,False,False
Williams %R <-80 rising / >-20 falling,bull,3,357,63.02521008403361,0.580434186841264,6.226093086241114,230,54.78260869565217,0.49778078174641616,-2.546936758893281,22,68.18181818181817,1.0670846769711952,True,False
Williams %R <-80 rising / >-20 falling,bull,5,357,62.18487394957983,0.7764656139426711,4.646242603001468,230,61.30434782608696,0.7488402419859597,2.0808629776021093,22,63.63636363636363,1.4637386163679906,True,True
Williams %R <-80 rising / >-20 falling,bull,10,357,61.904761904761905,1.1239524607262419,2.4566382844528576,230,56.52173913043478,0.5694133432260764,-6.300230566534914,19,68.42105263157895,3.0605206189021477,True,False
Williams %R <-80 rising / >-20 falling,bear,1,1387,47.1521268925739,0.03888799561227263,1.3132747954436539,869,45.79976985040276,-0.02319628109428162,0.6103759110088234,87,48.275862068965516,-0.08428316252004209,False,False
Williams %R <-80 rising / >-20 falling,bear,3,1387,45.06128334534967,-0.012582165152835388,1.8604003431421674,869,42.9228998849252,-0.05828937022794569,0.25244533947065406,87,34.48275862068966,-0.453884181414944,False,False
Williams %R <-80 rising / >-20 falling,bear,5,1387,44.70079307858688,-0.06601835654064514,2.2394244251652395,869,42.232451093210585,-0.11007447151372109,1.4559359416954365,87,47.12643678160919,-0.358073541263014,False,False
Williams %R <-80 rising / >-20 falling,bear,10,1387,38.932948810382115,-0.2864697926058972,-1.6189275693088376,869,37.284234752589185,-0.30274016814356725,0.10620444955888075,85,40.0,-1.1812228241141123,False,False
"Bull Bear Power <0 rising, uptrend / >0 falling, downtrend",bull,1,748,57.75401069518716,0.1530898350679021,3.592862792317405,405,53.58024691358024,0.0006182293073514655,-1.2303591470258226,91,60.43956043956044,0.259774325316193,False,False
"Bull Bear Power <0 rising, uptrend / >0 falling, downtrend",bull,3,748,60.29411764705882,0.3467604575694716,3.4950006492663235,405,57.77777777777777,0.38548074144607936,0.4482323232323182,90,46.666666666666664,0.1837875220600883,True,False
"Bull Bear Power <0 rising, uptrend / >0 falling, downtrend",bull,5,748,58.82352941176471,0.3335564112808956,1.284898065186347,405,57.77777777777777,0.5070739061312741,-1.4457070707070798,89,43.82022471910113,0.21083108379497023,False,False
"Bull Bear Power <0 rising, uptrend / >0 falling, downtrend",bull,10,748,58.82352941176471,0.6580786885989348,-0.6245942085443374,405,63.456790123456784,1.0231644666983175,0.6348204264870887,88,50.0,0.3082491394247626,False,False
"Bull Bear Power <0 rising, uptrend / >0 falling, downtrend",bear,1,495,44.84848484848485,-0.0939691350549628,-0.9903672486453914,277,44.4043321299639,-0.18631270815943957,-0.7850618094300401,1,0.0,-2.5469494250781155,False,False
"Bull Bear Power <0 rising, uptrend / >0 falling, downtrend",bear,3,495,44.24242424242424,-0.15012191336531544,1.0415412402167377,277,35.74007220216607,-0.6262646692315282,-6.930382343288478,1,0.0,-3.0702951973544446,False,False
"Bull Bear Power <0 rising, uptrend / >0 falling, downtrend",bear,5,495,39.7979797979798,-0.3005873733427796,-2.6633888554418377,277,35.74007220216607,-0.818926931221638,-5.03644294934908,1,0.0,-5.34571159855588,False,False
"Bull Bear Power <0 rising, uptrend / >0 falling, downtrend",bear,10,495,34.34343434343434,-0.7061805483200193,-6.2084420362566135,277,34.65703971119133,-1.1115981128007306,-2.5209905918389737,1,0.0,-6.805011983859721,False,False
Ultimate Osc >70 / <30,bull,1,697,50.9325681492109,-0.02929480905081729,-3.228579753658856,291,51.546391752577314,-0.06958933432462,-3.2642143080287482,55,60.0,0.30122996149111375,False,False
Ultimate Osc >70 / <30,bull,3,697,54.08895265423242,-0.012036246429891716,-2.7101643435600735,291,55.670103092783506,-0.030176502127069033,-1.659442361761947,55,72.72727272727273,0.7845967862151632,False,False
Ultimate Osc >70 / <30,bull,5,697,58.68005738880918,0.10097712987279148,1.141426042230819,291,59.79381443298969,0.16499587597130652,0.5703295845048402,55,70.9090909090909,1.164732211731627,False,False
Ultimate Osc >70 / <30,bull,10,697,62.84074605451937,0.27512729722959595,3.392622434210324,291,66.32302405498281,0.35654404690982483,3.501054358013114,54,88.88888888888889,2.7016799303498042,True,True
Ultimate Osc >70 / <30,bear,1,59,37.28813559322034,-1.0314340637021358,-8.550716503909904,38,31.57894736842105,-0.5666070038183669,-13.610446570972886,1,0.0,-3.3853980081679502,False,False
Ultimate Osc >70 / <30,bear,3,59,27.11864406779661,-2.2067403971807993,-16.082238934410896,38,31.57894736842105,-1.0019326586962563,-11.091507177033495,1,0.0,-4.782546392491227,False,False
Ultimate Osc >70 / <30,bear,5,59,28.8135593220339,-2.7019351136047565,-13.647809331387737,38,26.31578947368421,-1.7255337013954635,-14.46072567783094,1,0.0,-5.429175324210078,False,False
Ultimate Osc >70 / <30,bear,10,59,35.59322033898305,-3.7125166398914597,-4.958656040707901,38,39.473684210526315,0.7678990474013608,2.2956539074960105,1,0.0,-12.595830049437563,False,False
Price vs SMA(10),bull,1,5398,53.46424601704335,-0.00027775461843959403,-0.6969018858264064,3248,54.92610837438424,0.058256910132924014,0.11550231377817965,315,52.38095238095239,0.04936619785757082,False,False
Price vs SMA(10),bull,3,5398,55.96517228603186,0.032534283828109474,-0.8339447117606369,3248,57.72783251231527,0.14347286173580773,0.39828705776981366,310,56.451612903225815,0.2546844042543064,False,False
Price vs SMA(10),bull,5,5398,56.669136717302706,0.05550459203457969,-0.8694946292756569,3248,59.63669950738916,0.2927269128943506,0.41321465890430886,308,51.298701298701296,0.3934227024288695,False,False
Price vs SMA(10),bull,10,5398,59.41089292330493,0.19701704080548274,-0.037230697004119406,3248,64.71674876847291,0.6460516996725474,1.8947790715032156,299,52.84280936454849,0.9302181888053758,False,False
Price vs SMA(10),bear,1,3662,44.56581103222283,-0.08917203534978058,-1.2730410649074102,2032,45.2755905511811,-0.0823239406874221,0.08619661178715887,255,44.31372549019608,-0.13644712016602364,False,False
Price vs SMA(10),bear,3,3662,41.7804478427089,-0.20861717172952715,-1.4204351594986022,2032,43.25787401574803,-0.29532877715786915,0.587419470293483,254,46.45669291338583,-0.2331582085461539,False,False
Price vs SMA(10),bear,5,3662,40.98853085745494,-0.3479116483974685,-1.4728377959666972,2032,41.43700787401575,-0.394482393200615,0.6604927225005994,250,47.599999999999994,-0.377290904019588,False,False
Price vs SMA(10),bear,10,3662,40.41507373020208,-0.5598755312205423,-0.136802649488871,2032,40.20669291338583,-0.6704170165179144,3.028662610355525,244,46.31147540983606,-0.5038028498909403,False,False
Price vs SMA(20),bull,1,5604,53.64025695931478,0.011223999315428886,-0.5208909435549742,3454,55.24030110017372,0.06615458695498236,0.42969503956765465,325,51.69230769230769,0.04716050701925264,False,False
Price vs SMA(20),bull,3,5604,56.33476088508208,0.052062731479084697,-0.4643561127104121,3454,58.83034163288941,0.19589745091233557,1.500796178343954,321,53.58255451713395,0.20324378910479515,False,False
Price vs SMA(20),bull,5,5604,57.15560314061384,0.07887256374168702,-0.38302820596452136,3454,60.53850607990735,0.34045212347746084,1.3150212314224987,319,50.78369905956113,0.3123779800687462,False,False
Price vs SMA(20),bull,10,5604,60.02855103497502,0.24697172631289047,0.5804274146659694,3454,64.53387376954257,0.6408122566627602,1.711904072572871,310,52.25806451612903,0.6608149597255693,True,True
Price vs SMA(20),bear,1,3456,44.675925925925924,-0.07585340910211114,-1.1629261712043188,1826,45.89266155531216,-0.0701000811862376,0.7032676159182216,245,43.26530612244898,-0.1429273599437295,False,False
Price vs SMA(20),bear,3,3456,42.27430555555556,-0.1874469328034933,-0.9265774466519474,1826,45.50930996714129,-0.2132958021092478,2.8388554216867448,243,42.79835390946502,-0.3001361892465797,False,False
Price vs SMA(20),bear,5,3456,41.695601851851855,-0.3274491889542177,-0.7657668015697823,1826,43.26396495071194,-0.31568652879153936,2.4874497991967885,239,46.86192468619247,-0.484721099209451,False,False
Price vs SMA(20),bear,10,3456,41.40625,-0.5005013389294516,0.8543736203090475,1826,40.41621029572837,-0.6830765408475697,3.238179992698065,233,45.493562231759654,-0.8421051343831347,False,False
Price vs SMA(30),bull,1,5764,53.53920888272034,0.011172703428702897,-0.6219390201494193,3495,55.30758226037196,0.06751494821281497,0.49697619976589635,353,52.40793201133145,0.0526253414841036,False,False
Price vs SMA(30),bull,3,5764,56.263011797362935,0.050667264880982485,-0.5361052004295601,3495,58.540772532188846,0.1871574365330691,1.211227077643393,349,54.72779369627507,0.17007822931316421,False,False
Price vs SMA(30),bull,5,5764,57.14781401804303,0.09154474202019544,-0.39081732853533424,3495,59.828326180257505,0.3048712888350019,0.6048413317726542,347,50.720461095100866,0.27562729463766145,False,False
Price vs SMA(30),bull,10,5764,59.4205412907703,0.2227270165815315,-0.027582329538745398,3495,63.66237482117311,0.594817333010913,0.8404051242034143,339,51.03244837758112,0.5226523190250832,False,False
Price vs SMA(30),bear,1,3296,44.538834951456316,-0.07908046464123666,-1.3000171456739267,1785,46.05042016806723,-0.06752714150408437,0.861026228673289,217,43.77880184331797,-0.14639457338056341,False,False
Price vs SMA(30),bear,3,3296,42.11165048543689,-0.19645935443072826,-1.0892325167706147,1785,45.04201680672269,-0.2308082293667323,2.3715622612681457,215,44.651162790697676,-0.3665909221361107,False,False
Price vs SMA(30),bear,5,3296,41.62621359223301,-0.3173550822905898,-0.8351550611886296,1785,41.96078431372549,-0.38478435943202743,1.1842691622103416,211,46.44549763033176,-0.5680296071740297,False,False
Price vs SMA(30),bear,10,3296,40.442961165048544,-0.5552074205162848,-0.10891521464240839,1785,38.82352941176471,-0.7741046046093529,1.6454991087344055,204,43.13725490196079,-1.0974705768465374,False,False
Price vs SMA(50),bull,1,5934,54.12874957869902,0.021297332174135437,-0.03239832417073529,3613,55.35566011624689,0.05847662074308517,0.5450540556408257,394,52.03045685279187,0.06824278751526958,False,False
Price vs SMA(50),bull,3,5934,56.48803505224132,0.055062639193584575,-0.3110819455511731,3613,57.87434265153612,0.16435801145250317,0.5447971969906646,390,55.12820512820513,0.22792992258373088,False,False
Price vs SMA(50),bull,5,5934,57.21267273340074,0.1038332577534145,-0.325958613177626,3613,59.11984500415167,0.26719790320623665,-0.10363984433318052,387,53.48837209302325,0.34445661260537097,False,False
Price vs SMA(50),bull,10,5934,58.96528479946074,0.2573583595594974,-0.48283882084830765,3613,62.662607251591474,0.5489893367626485,-0.1593624453782212,377,53.05039787798409,0.5170029811872391,False,False
Price vs SMA(50),bear,1,3065,45.64437194127243,-0.06225373118032151,-0.19448015585781064,1667,46.31073785242951,-0.08711737303168099,1.1213439130355738,176,42.04545454545455,-0.13327675958212853,False,False
Price vs SMA(50),bear,3,3065,42.54486133768353,-0.19309300424347764,-0.6560216645239763,1667,43.85122975404919,-0.2833127982752247,1.1807752085946461,174,45.40229885057471,-0.2832280487465692,False,False
Price vs SMA(50),bear,5,3065,41.82707993474715,-0.2999195219188263,-0.6342887186744903,1667,40.551889622075585,-0.4720931084465311,-0.22462552943956382,171,52.046783625730995,-0.48065619458894865,False,False
Price vs SMA(50),bear,10,3065,39.8042414355628,-0.5023188035715932,-0.7476349441281513,1667,36.832633473305336,-0.8861216702923742,-0.34539682972496877,166,46.3855421686747,-1.2418856019193236,False,False
Price vs SMA(100),bull,1,6245,54.491593274619696,0.02482628399290409,0.3304453717499385,3773,55.10204081632652,0.04871964138123488,0.2914347557204593,459,53.59477124183007,0.08603014778280675,False,False
Price vs SMA(100),bull,3,6245,57.43795036028823,0.08909128998480345,0.6388333624957312,3773,57.38139411608799,0.15727859317106066,0.05184866154253598,455,55.16483516483517,0.22545288674567024,False,False
Price vs SMA(100),bull,5,6245,57.886309047237795,0.1598296187520237,0.3476777006594318,3773,58.91863238802014,0.2609254977657416,-0.3048524604647085,451,54.1019955654102,0.3382380897723836,False,False
Price vs SMA(100),bull,10,6245,59.07125700560448,0.32663710968442744,-0.37686661470456784,3773,62.60270341902995,0.5069080870589505,-0.21926627793974518,441,53.06122448979592,0.5092829767907382,False,False
Price vs SMA(100),bear,1,2605,46.67946257197696,-0.05984400413290285,0.84061047484672,1507,45.85268745852687,-0.11458625391982724,0.6632935191329352,111,45.04504504504504,-0.09780657779425708,False,False
Price vs SMA(100),bear,3,2605,44.913627639155465,-0.131510736874394,1.71274463694796,1507,42.73390842733909,-0.3136667538608372,0.06345388188454137,109,45.87155963302752,-0.32654391578236824,False,False
Price vs SMA(100),bear,5,2605,43.45489443378119,-0.19388336149746,0.9935257803595547,1507,40.013271400132716,-0.5095509840705755,-0.7632437513824328,107,57.943925233644855,-0.5883321482770445,False,False
Price vs SMA(100),bear,10,2605,40.65259117082534,-0.36128217668848717,0.10071479113438642,1507,36.62906436629064,-1.0272721205225057,-0.5489659367396627,102,46.07843137254902,-1.7300915790341302,False,False
Price vs SMA(200),bull,1,6352,54.4867758186398,0.031921679866302184,0.3256279157700419,3844,55.69719042663892,0.06072584859416351,0.8865843660328565,544,53.30882352941176,0.07365726843885911,False,False
Price vs SMA(200),bull,3,6352,57.50944584382871,0.09725113593541018,0.7103288460362123,3844,57.54422476586889,0.185248097653927,0.21467931132343665,538,54.08921933085502,0.20296741860699238,False,False
Price vs SMA(200),bull,5,6352,58.2808564231738,0.17361657172934278,0.7422250765954388,3844,59.547346514047874,0.31579665235872256,0.3238616655630224,532,51.127819548872175,0.3017826957005761,False,False
Price vs SMA(200),bull,10,6352,59.19395465994962,0.3451963153013381,-0.25416896035942926,3844,63.60561914672217,0.6081392086136913,0.783649449752474,517,51.06382978723404,0.44792653505691765,False,False
Price vs SMA(200),bear,1,2198,47.406733393994536,-0.04595045755084718,1.567881296864293,1436,47.42339832869081,-0.08570371141546962,2.234004389296871,26,34.61538461538461,-0.3951851514127495,False,False
Price vs SMA(200),bear,3,2198,45.17743403093721,-0.12365091946418007,1.976551028729709,1436,43.17548746518106,-0.24652802417896807,0.50503291972651,26,26.923076923076923,-1.1145338107306229,False,False
Price vs SMA(200),bear,5,2198,44.35850773430391,-0.17448599987550933,1.8971390808822761,1436,41.64345403899721,-0.37496023983117743,0.866938887482064,26,34.61538461538461,-2.113404778472396,False,False
Price vs SMA(200),bear,10,2198,40.90081892629664,-0.34103211498254077,0.34894254660568436,1436,39.27576601671309,-0.7820168385722889,2.0977357136827877,26,3.8461538461538463,-6.518658276991171,False,False
Price vs EMA(10),bull,1,5549,53.50513606055145,0.00035810124938284136,-0.656011842318307,3359,54.80797856504912,0.03870724840513356,-0.0026274955569434155,332,53.01204819277109,0.07257027155072517,False,False
Price vs EMA(10),bull,3,5549,56.38853847540097,0.047133307094060474,-0.4105785223915248,3359,57.3384935992855,0.11018090882261858,0.008948144740045905,327,55.65749235474006,0.21899434068793436,False,False
Price vs EMA(10),bull,5,5549,56.58677239142188,0.06704701838057416,-0.9518589551564816,3359,59.273593331348614,0.2525940901743348,0.050108482863763015,325,51.38461538461539,0.38053521340688945,False,False
Price vs EMA(10),bull,10,5549,59.48819607136421,0.21951713842984436,0.040072451055159775,3359,64.51324799047336,0.6116946462254492,1.6912782935036645,317,52.05047318611987,0.8119981221327305,False,False
Price vs EMA(10),bear,1,3511,44.54571347194531,-0.09201411853823248,-1.2931386251849304,1921,45.08068714211348,-0.11789851337622866,-0.10870679728045474,238,44.957983193277315,-0.1102984782043281,False,False
Price vs EMA(10),bear,3,3511,42.381088009114215,-0.193116897155432,-0.8197949930932893,1921,42.686100989068194,-0.3623166357977709,0.01564644361364742,237,45.56962025316456,-0.2808573876987492,False,False
Price vs EMA(10),bear,5,3511,40.81458273996012,-0.3422450410824222,-1.646785913461514,1921,40.86413326392504,-0.4705370573497708,0.08761811240989203,233,47.63948497854077,-0.39409001714914044,False,False
Price vs EMA(10),bear,10,3511,40.529763600113924,-0.5399207007833712,-0.02211277957702862,1921,40.135346173867774,-0.7319005629513546,2.957315870837469,226,45.13274336283185,-0.6356625181863773,False,False
Price vs EMA(20),bull,1,5740,53.623693379790936,0.007416955720317701,-0.5374545230788215,3489,55.345371166523364,0.06007811459519003,0.5347651059173018,343,52.1865889212828,0.06573739997590246,False,False
Price vs EMA(20),bull,3,5740,56.16724738675958,0.04230563616870807,-0.6318696110329185,3489,58.4121524792204,0.17364613589201797,1.0826070246749495,339,54.27728613569322,0.1916494022570496,False,False
Price vs EMA(20),bull,5,5740,56.811846689895475,0.06748389190526433,-0.7267846566828879,3489,60.16050444253368,0.30195909987003094,0.9370195940488273,337,49.85163204747774,0.30328202390338826,False,False
Price vs EMA(20),bull,10,5740,59.54703832752614,0.23136190126086592,0.09891470721709084,3489,64.08713098308971,0.5949656372704322,1.265161286120012,329,51.3677811550152,0.6374460118892509,False,False
Price vs EMA(20),bear,1,3320,44.63855421686747,-0.08508293620058312,-1.2002978802627737,1791,46.11948632049134,-0.08201460065101106,0.9300923810974027,227,43.61233480176212,-0.12245127654509382,False,False
Price vs EMA(20),bear,3,3320,41.98795180722892,-0.20986198655701177,-1.2129311949785873,1791,44.77945281965383,-0.2569830050114143,2.10899827419928,225,43.55555555555555,-0.3253564574418589,False,False
Price vs EMA(20),bear,5,3320,41.054216867469876,-0.3573218990054137,-1.4071517859517613,1791,42.60189838079285,-0.3901898026900964,1.8253832292777048,221,45.248868778280546,-0.5126283995364116,False,False
Price vs EMA(20),bear,10,3320,40.63253012048193,-0.5378749603494736,0.08065374079097865,1791,39.64265773310999,-0.7732150696059734,2.4646274300796875,214,43.925233644859816,-0.8941280182926792,False,False
Price vs EMA(30),bull,1,5884,53.70496261046907,0.012345436104790067,-0.45618529240068995,3563,55.31855178220601,0.06173209331749064,0.5079457215999454,368,50.815217391304344,0.015957583945070162,False,False
Price vs EMA(30),bull,3,5884,56.101291638341266,0.03523114660867639,-0.6978253594512296,3563,58.405837777154076,0.18042437640876058,1.076292322608623,364,53.02197802197802,0.13590995963036792,False,False
Price vs EMA(30),bull,5,5884,56.79809653297077,0.0759688801018372,-0.7405348136075958,3563,59.94948077462813,0.29398801589965634,0.7259959261432769,362,50.82872928176796,0.28177211608946356,False,False
Price vs EMA(30),bull,10,5884,59.36437797416724,0.23617279717360706,-0.08374564614180713,3563,63.82262138647208,0.6002374644629892,1.0006516895023836,353,51.84135977337111,0.5067445055032765,False,False
Price vs EMA(30),bear,1,3176,44.741813602015114,-0.07947359193324144,-1.0970384951151289,1717,46.12696563774025,-0.07952780611436211,0.9375716983463107,202,40.5940594059406,-0.22015830235487632,False,False
Price vs EMA(30),bear,3,3176,41.750629722921914,-0.2305655164773966,-1.4502532792855902,1717,44.903902154921376,-0.2465089557124517,2.233447609466829,200,41.5,-0.4435156249205208,False,False
Price vs EMA(30),bear,5,3176,40.931989924433246,-0.3547434992805354,-1.529378728988391,1717,42.28305183459523,-0.4105334510273879,1.5065366830800784,196,46.42857142857143,-0.5790582261663417,False,False
Price vs EMA(30),bear,10,3176,40.33375314861461,-0.5428593964194327,-0.21812323107634057,1717,39.25451368666278,-0.769957607582531,2.0764833836324783,190,44.21052631578947,-1.1693806493870538,False,False
Price vs EMA(50),bull,1,6121,54.1904917497141,0.02547027693765332,0.029343846844341215,3698,55.246078961600865,0.05584255467924387,0.43547290099480307,419,52.74463007159904,0.07548970600329853,False,False
Price vs EMA(50),bull,3,6121,56.83711811795459,0.06520339349876575,0.038001120162093116,3698,57.92320173066522,0.16875186404921658,0.5936562761197663,415,54.69879518072289,0.2124051560996002,False,False
Price vs EMA(50),bull,5,6121,57.62130370854436,0.12186812014107572,0.08267236196599725,3698,59.16711736073553,0.2653693247721823,-0.05636748774931988,411,53.771289537712896,0.3511906561982002,False,False
Price vs EMA(50),bull,10,6121,59.69612808364646,0.29156698871106995,0.24800446333740922,3698,63.061114115738235,0.5593906075125723,0.23914441876853942,401,53.11720698254364,0.515218536583342,False,False
Price vs EMA(50),bear,1,2939,45.66178972439605,-0.05755192544579231,-0.17706237273419134,1582,46.144121365360306,-0.09481347938352405,0.9547274259663681,151,43.04635761589404,-0.12393497451714403,False,False
Price vs EMA(50),bear,3,2939,43.143926505614154,-0.18389458161678063,-0.05695649659335089,1582,44.05815423514539,-0.27943333555543026,1.387699689690841,149,44.29530201342282,-0.3357463792498256,False,False
Price vs EMA(50),bear,5,2939,42.49744811160259,-0.28163030991856625,0.03607945818095004,1582,40.64475347661188,-0.48737640521932385,-0.13176167490326662,147,53.74149659863946,-0.48406502486754105,False,False
Price vs EMA(50),bear,10,2939,41.00034025178632,-0.45222206318379154,0.44846387209536687,1582,37.737041719342606,-0.879922143817537,0.5590114163123019,142,46.478873239436616,-1.369440145466737,False,False
Price vs EMA(100),bull,1,6518,54.41853329242099,0.022023056374232533,0.25738538955123147,3869,55.15637115533729,0.053138998447816596,0.3457650947312274,483,53.62318840579711,0.08758480350562454,False,False
Price vs EMA(100),bull,3,6518,57.364222154034984,0.08024217134788993,0.5651051562424882,3869,57.508400103385895,0.1748390032664431,0.1788546488404421,479,54.48851774530271,0.22425048135239173,False,False
Price vs EMA(100),bull,5,6518,57.793801779687016,0.1401596543888761,0.2551704331086526,3869,59.29180666838977,0.29504825843690713,0.06832181990491648,475,52.63157894736842,0.33306362422110397,False,False
Price vs EMA(100),bull,10,6518,59.28198833998158,0.3032004133688735,-0.16613528032746672,3869,63.013698630136986,0.5665009837084299,0.19172893316729045,465,51.82795698924731,0.47855783202333796,False,False
Price vs EMA(100),bear,1,2542,46.34146341463415,-0.07140141328611797,0.5026113175039058,1411,46.06661941885188,-0.1069496148787927,0.877225479457941,87,44.827586206896555,-0.09242422843970319,False,False
Price vs EMA(100),bear,3,2542,44.453186467348544,-0.16387005276637173,1.2523034651410399,1411,43.16087880935507,-0.27615579480143526,0.49042426390052185,85,42.35294117647059,-0.36186317319720535,False,False
Price vs EMA(100),bear,5,2542,42.95830055074744,-0.25967962900373576,0.49693189732580123,1411,40.963855421686745,-0.4329011510787431,0.18734027017159605,83,53.01204819277109,-0.6902614078068,False,False
Price vs EMA(100),bear,10,2542,40.04720692368214,-0.44748303983450244,-0.5046694560088127,1411,37.70375620127569,-0.8992707244032038,0.5257258982453834,78,38.46153846153847,-2.288894127376214,False,False
Price vs EMA(200),bull,1,6859,54.61437527336347,0.027016053737151196,0.453227370493714,3941,55.51890383151484,0.055901850382474715,0.7082977709087785,549,53.36976320582878,0.07313834990139526,False,False
Price vs EMA(200),bull,3,6859,57.282402682606794,0.07951181902616153,0.4832856848142981,3941,57.4219741182441,0.1744782659901172,0.092428663698648,543,53.95948434622467,0.19869175670960731,False,False
Price vs EMA(200),bull,5,6859,57.836419303105416,0.13515154925014966,0.2977879565270527,3941,59.35041867546308,0.28700295297108797,0.12693382697823097,537,51.02420856610801,0.31596034305566795,False,False
Price vs EMA(200),bull,10,6859,59.30893716285173,0.30160729289508703,-0.1391864574573205,3941,63.05506216696269,0.564006136583946,0.2330924699929966,522,51.34099616858238,0.4892618234634337,False,False
Price vs EMA(200),bear,1,2201,47.114947751022264,-0.0634918498125577,1.2760956538920212,1339,47.199402539208364,-0.10171135118091564,2.0100085998144266,21,33.33333333333333,-0.4853054224573738,False,False
Price vs EMA(200),bear,3,2201,44.525215810995,-0.17910248990332636,1.3243328087874957,1339,42.867811799850635,-0.28266548456732005,0.19735725439608842,21,19.047619047619047,-1.4421298283924433,False,False
Price vs EMA(200),bear,5,2201,43.25306678782372,-0.2938036201396702,0.7916981344020826,1339,41.15011202389843,-0.46399297864484157,0.3735968723832812,21,28.57142857142857,-2.1822006729569092,False,False
Price vs EMA(200),bear,10,2201,40.027260336210816,-0.47480134467524787,-0.5246160434801368,1339,37.86407766990291,-0.9245071798532523,0.6860473668726073,21,0.0,-6.936593427537353,False,False
Ichimoku base line,bull,1,6108,53.66732154551408,0.013016598836696777,-0.4938263573556796,3643,54.73510842712051,0.04994515387270092,-0.07549763348555416,380,53.421052631578945,0.07378405666974579,False,False
Ichimoku base line,bull,3,6108,56.41781270464964,0.05840950994446225,-0.3813042931428541,3643,57.91929728245952,0.15482697430630502,0.5897518279140641,376,54.78723404255319,0.18552801958973564,False,False
Ichimoku base line,bull,5,6108,57.12180746561886,0.10232398953686668,-0.4168238809595053,3643,59.37414219050233,0.26971876676572365,0.1506573420174817,372,51.61290322580645,0.3336456360788007,False,False
Ichimoku base line,bull,10,6108,59.31565160445318,0.236686964477091,-0.13247201585586765,3643,63.24457864397475,0.5605062283312752,0.42260894700505247,362,51.93370165745856,0.5753758094275543,False,False
Ichimoku base line,bear,1,2951,44.56116570654016,-0.0830814166634816,-1.277686390590084,1637,44.89920586438607,-0.10662828102036008,-0.2901880750078689,190,45.26315789473684,-0.11740224438403916,False,False
Ichimoku base line,bear,3,2951,42.290748898678416,-0.19678681489806082,-0.9101341035290886,1637,43.98289554062309,-0.30670327593452934,1.3124409951685436,188,44.680851063829785,-0.363913909169242,False,False
Ichimoku base line,bear,5,2951,41.44357844798374,-0.32121786363536675,-1.0177902054378976,1637,41.11178985949908,-0.47023809941170996,0.33527470798393466,186,47.8494623655914,-0.49129431038534926,False,False
Ichimoku base line,bear,10,2951,40.2236529989834,-0.5641810493314473,-0.32822338070755563,1637,38.11850946854001,-0.8666701944349425,0.9404791655097071,181,44.19889502762431,-1.0650668000741559,False,False
VWMA(20),bull,1,5792,53.69475138121547,0.012614756515068392,-0.46639652165428913,3528,55.073696145124714,0.05775669786832512,0.2630900845186517,342,52.92397660818714,0.06636087717846564,False,False
VWMA(20),bull,3,5792,56.30179558011049,0.054046846746264456,-0.4973214176820022,3528,58.56009070294784,0.18080516931391852,1.230545248402386,338,54.142011834319526,0.1975040373302362,False,False
VWMA(20),bull,5,5792,57.13052486187845,0.07862187861247703,-0.40810648469991406,3528,60.37414965986394,0.32968906418994304,1.1506648113790874,336,50.297619047619044,0.30614472134553816,False,False
VWMA(20),bull,10,5792,59.806629834254146,0.24031630823816916,0.3585062139450983,3528,64.5124716553288,0.6423260868005546,1.6905019583590999,327,51.98776758409785,0.6256554790624701,False,False
VWMA(20),bear,1,3268,44.706242350061196,-0.07710648845938904,-1.132609747069047,1752,45.60502283105023,-0.0871775465234748,0.41562889165629,228,44.73684210526316,-0.12126731566857717,False,False
VWMA(20),bear,3,3268,42.16646266829866,-0.19171873030088732,-1.034420333908848,1752,45.14840182648402,-0.2444219707552449,2.477947281029472,226,43.36283185840708,-0.3160087861590188,False,False
VWMA(20),bear,5,3268,41.585067319461444,-0.3421934893851664,-0.8763013339601926,1752,43.09360730593607,-0.3363140511429117,2.3170921544209193,222,45.94594594594595,-0.5073526665805767,False,False
VWMA(20),bear,10,3268,41.09547123623011,-0.5268819229749532,0.5435948565391584,1752,40.582191780821915,-0.6818132784637442,3.404161477791611,216,44.907407407407405,-0.9096008896887459,False,False
Hull MA(9),bull,1,4376,54.75319926873857,0.016065028760731678,0.5920513658688122,2549,55.43350333464103,0.07889751718813116,0.622897274034969,274,52.18978102189781,0.004502892295196875,False,False
Hull MA(9),bull,3,4376,57.47257769652651,0.09658664667564112,0.6734606987340115,2549,57.238132601020006,0.16989468812375177,-0.0914128535254477,268,52.23880597014925,0.11375509837028971,False,False
Hull MA(9),bull,5,4376,56.46709323583181,0.10504832963072941,-1.0715381107465518,2549,58.29737151824245,0.2665473607830214,-0.9261133302424014,264,49.24242424242424,0.27818108851814677,False,False
Hull MA(9),bull,10,4376,59.0036563071298,0.27628259533291843,-0.4444673131792456,2549,63.51510396233817,0.5973610311901452,0.693134265368478,264,47.72727272727273,0.5217845281038974,False,False
Hull MA(9),bear,1,4684,46.11443210930828,-0.05438687193928218,0.2755800121780396,2731,45.66093006224826,-0.05689890892568017,0.47153612285432445,296,44.5945945945946,-0.16591410634657736,False,False
Hull MA(9),bear,3,4684,43.65926558497011,-0.11035716932644278,0.4583825827626029,2731,42.511900402782864,-0.2318002087423106,-0.158554142671683,296,42.22972972972973,-0.36381075650783934,False,False
Hull MA(9),bear,5,4684,41.28949615713066,-0.23782552386210903,-1.1718724962909803,2731,39.875503478579276,-0.39287294523199523,-0.9010116729358728,294,45.91836734693878,-0.4831874523272043,False,False
Hull MA(9),bear,10,4684,40.09393680614859,-0.4066502016269794,-0.4579395735423617,2731,37.78835591358477,-0.7096265212732171,0.6103256105544688,279,41.57706093189964,-0.9437706752930749,False,False
RSI(2) <10 / >90,bull,1,938,54.79744136460555,0.19113826166222975,0.6362934617357894,509,57.56385068762279,0.33799150040871845,2.753244627016727,55,72.72727272727273,0.7796660316255717,False,False
RSI(2) <10 / >90,bull,3,938,57.46268656716418,0.4171697359226182,0.6635695693716812,509,58.153241650294696,0.4913963353692407,0.8236961957492426,55,70.9090909090909,1.2569566797879494,False,False
RSI(2) <10 / >90,bull,5,938,59.27505330490405,0.5973702039870176,1.7364219583256855,509,62.86836935166994,0.6082798831164654,3.6448845031850894,54,70.37037037037037,1.3814374502755493,False,False
RSI(2) <10 / >90,bull,10,938,58.84861407249466,0.8059726574250639,-0.5995095478143853,509,57.760314341846765,0.5128109714887397,-5.06165535512293,53,64.15094339622641,1.7214480727167099,False,False
RSI(2) <10 / >90,bear,1,1624,45.812807881773395,0.010352566843032259,-0.026044215356847644,952,46.32352941176471,-0.019020760294559017,1.1341354723707724,87,47.12643678160919,-0.2708854384967757,False,False
RSI(2) <10 / >90,bear,3,1624,43.28817733990148,0.008875409546941371,0.08729433769397588,952,44.537815126050425,-0.025449113150578555,1.8673605805958786,83,36.144578313253014,-0.8553418583616355,False,False
RSI(2) <10 / >90,bear,5,1624,43.84236453201971,0.0009026016049190879,1.3809958785980712,952,41.596638655462186,-0.18752186677410992,0.8201235039470376,83,40.963855421686745,-0.937274466851548,False,False
RSI(2) <10 / >90,bear,10,1624,39.470443349753694,-0.159090532403974,-1.0814330299372585,952,32.983193277310924,-0.5301722207959865,-4.19483702571938,83,36.144578313253014,-1.6199222849781998,False,False
RSI(2) <5 / >95,bull,1,473,56.02536997885835,0.30240664404587775,1.864222075988593,240,59.583333333333336,0.3544687159009646,4.772727272727273,19,94.73684210526315,1.2746529503760669,False,False
RSI(2) <5 / >95,bull,3,473,58.985200845665965,0.49861633695708496,2.186083847873469,240,57.49999999999999,0.5035579774060115,0.17045454545453964,19,78.94736842105263,1.8643284527016333,False,False
RSI(2) <5 / >95,bull,5,473,59.61945031712473,0.6649658195953856,2.0808189705463676,240,60.0,0.4626934250717453,0.7765151515151487,18,77.77777777777779,2.129404055551217,False,False
RSI(2) <5 / >95,bull,10,473,57.082452431289646,0.7970288533330393,-2.3656711890194018,240,55.833333333333336,-0.09649470406709722,-6.98863636363636,18,77.77777777777779,2.306375076087642,False,False
RSI(2) <5 / >95,bear,1,879,46.985210466439135,0.008929608093412872,1.1463583693088921,507,49.5069033530572,0.06762443025507092,4.3175094136632595,49,40.816326530612244,-0.20187172324317618,False,False
RSI(2) <5 / >95,bear,3,879,42.66211604095563,-0.010901205126783116,-0.5387669612518735,507,48.5207100591716,0.15053394072977375,5.850255513717052,48,33.33333333333333,-0.7570158498771761,False,False
RSI(2) <5 / >95,bear,5,879,42.093287827076225,-0.0527383607596656,-0.3680808263454125,507,44.773175542406314,0.015749845291849023,3.996660390891165,48,41.66666666666667,-0.7030894734212202,False,False
RSI(2) <5 / >95,bear,10,879,37.65642775881683,-0.2216895626574445,-2.89544862087412,507,35.700197238658774,-0.3794076958227845,-1.4778330643715307,48,33.33333333333333,-1.4841708257208956,False,False
RSI(2) <10 in uptrend / >90 in downtrend,bull,1,511,55.38160469667319,0.1189320166110387,1.2204567938034359,290,59.310344827586206,0.20983900311389697,4.499738766980144,48,72.91666666666666,0.669085090553613,False,False
RSI(2) <10 in uptrend / >90 in downtrend,bull,3,511,59.295499021526425,0.32550470933779346,2.496382023733929,290,58.27586206896552,0.32448274069139127,0.9463166144200699,48,66.66666666666666,0.9633399811221061,False,False
RSI(2) <10 in uptrend / >90 in downtrend,bull,5,511,60.861056751467714,0.3961477639793521,3.3224254048893513,290,63.793103448275865,0.6101977462229942,4.5696185997910135,47,70.2127659574468,1.1991577715749902,True,True
RSI(2) <10 in uptrend / >90 in downtrend,bull,10,511,58.9041095890411,0.6787438172917784,-0.5440140312679489,290,61.03448275862069,0.6412131534764448,-1.787486938349005,46,58.69565217391305,0.7816344786393216,False,False
RSI(2) <10 in uptrend / >90 in downtrend,bear,1,282,54.25531914893617,0.3262223447866098,8.416467051805924,158,48.734177215189874,0.12430556202391765,3.544783275795936,4,0.0,-1.3948651109880084,False,False
RSI(2) <10 in uptrend / >90 in downtrend,bear,3,282,57.446808510638306,0.6594267961168214,14.245925508430801,158,51.26582278481012,0.36289223189162395,8.595368239355572,4,0.0,-3.439795839830484,False,False
RSI(2) <10 in uptrend / >90 in downtrend,bear,5,282,54.96453900709219,0.8530231300862273,12.503170353670555,158,43.037974683544306,0.01029955270352844,2.261459532029157,4,0.0,-5.293938762076156,False,False
RSI(2) <10 in uptrend / >90 in downtrend,bear,10,282,42.198581560283685,0.643204002648603,1.6467051805927326,158,29.11392405063291,-0.9513205913563574,-8.064106252397394,4,0.0,-8.434033480169244,False,False
RSI(5) <20 / >80,bull,1,369,56.639566395663955,0.3064306736698115,2.478418492794198,219,60.73059360730594,0.43760222412508243,5.919987546699879,17,76.47058823529412,1.0615893036858473,False,False
RSI(5) <20 / >80,bull,3,369,59.891598915989164,0.6426633126056658,3.0924819181966683,219,60.273972602739725,0.6294291286527203,2.944427148194272,17,82.35294117647058,2.2770503311028825,False,False
RSI(5) <20 / >80,bull,5,369,59.34959349593496,0.9440163932539769,1.8109621493565982,219,68.4931506849315,0.8869358715715673,9.269665836446656,16,75.0,2.1074612202227563,False,False
RSI(5) <20 / >80,bull,10,369,56.09756097560976,1.1390676140253546,-3.3505626446992878,219,62.10045662100456,0.334080913503738,-0.7215130759651345,16,68.75,3.2636067232950614,False,False
RSI(5) <20 / >80,bear,1,925,46.37837837837838,-0.024899295122101428,0.5395262812481363,536,48.507462686567166,0.05804158432309014,3.3180687471732284,63,39.682539682539684,-0.250748818025814,False,False
RSI(5) <20 / >80,bear,3,925,42.486486486486484,-0.09255986885858374,-0.7143965157210204,536,47.57462686567165,0.08918073174590038,4.9041723202171,62,27.419354838709676,-0.8876911684940656,False,False
RSI(5) <20 / >80,bear,5,925,40.97297297297297,-0.18397454351193343,-1.4883956804486687,536,44.96268656716418,-0.014664060661701334,4.186171415649028,62,33.87096774193548,-1.0298680835987115,False,False
RSI(5) <20 / >80,bear,10,925,37.83783783783784,-0.31122102113708505,-2.714038541853114,536,35.44776119402985,-0.30726872044054615,-1.730269109000453,62,20.967741935483872,-2.127174437232029,False,False
Connors RSI <10 / >90,bull,1,208,56.730769230769226,0.29891371080483364,2.569621327899469,105,66.66666666666666,0.5084292689363925,11.856060606060595,3,100.0,1.9696629721993375,False,False
Connors RSI <10 / >90,bull,3,208,65.86538461538461,1.0122647365469561,9.066267617592118,105,54.285714285714285,0.21515470182084342,-3.0438311688311686,3,66.66666666666666,1.817768126387864,True,False
Connors RSI <10 / >90,bull,5,208,65.86538461538461,1.4379169957201239,8.32675326880625,105,63.8095238095238,0.5997369711695925,4.586038961038952,3,66.66666666666666,2.8247013884398213,True,True
Connors RSI <10 / >90,bull,10,208,59.13461538461539,1.0380428382696913,-0.3135082356936607,105,61.904761904761905,-0.13238585136127257,-0.9172077922077904,3,100.0,5.209019418227408,False,False
Connors RSI <10 / >90,bear,1,154,44.8051948051948,0.024026745201211196,-1.033657291935441,95,55.78947368421052,0.09018942790439245,10.600079744816583,16,43.75,-0.336312424951845,False,False
Connors RSI <10 / >90,bear,3,154,45.45454545454545,0.020500622751180492,2.2536624523379487,95,46.31578947368421,-0.03895918224922096,3.6453349282296656,16,25.0,-1.0473188035780956,False,False
Connors RSI <10 / >90,bear,5,154,35.064935064935064,-0.20804185210770848,-7.396433588486573,95,47.368421052631575,0.0675550492440725,6.5919059011164265,16,25.0,-1.7051580638978943,False,False
Connors RSI <10 / >90,bear,10,154,35.714285714285715,-0.3610110553020516,-4.837590665405237,95,38.94736842105263,-0.5494915751449235,1.7693381180223255,16,31.25,-2.4250231825439075,False,False
Connors RSI <10 in uptrend / >90 in downtrend,bull,1,105,65.71428571428571,0.4230797305845211,11.55313781141595,64,68.75,0.2336129377679439,13.939393939393938,2,100.0,2.4294933019088027,True,True
Connors RSI <10 in uptrend / >90 in downtrend,bull,3,105,70.47619047619048,0.9168273155085915,13.677073478397986,64,56.25,0.07094470573419231,-1.0795454545454533,2,50.0,2.090637572809512,True,False
Connors RSI <10 in uptrend / >90 in downtrend,bull,5,105,68.57142857142857,0.9533919301382858,11.032797224850206,64,65.625,0.9967646362695097,6.401515151515149,2,100.0,5.353354100946117,True,True
Connors RSI <10 in uptrend / >90 in downtrend,bull,10,105,62.857142857142854,0.6655107362772995,3.4090192368338066,64,60.9375,0.9251282389707143,-1.8844696969696955,2,100.0,7.014848954036778,True,False
Connors RSI <10 in uptrend / >90 in downtrend,bear,1,19,68.42105263157895,0.5572300382905769,22.582200534448702,12,50.0,0.6573142304628242,4.810606060606062,0,,,False,False
Connors RSI <10 in uptrend / >90 in downtrend,bear,3,19,57.89473684210527,0.6726487278489784,14.693853839897763,12,75.0,1.6491671292248231,32.32954545454545,0,,,False,False
Connors RSI <10 in uptrend / >90 in downtrend,bear,5,19,52.63157894736842,0.9097011581698035,10.17021029394678,12,75.0,1.637914114399001,34.22348484848485,0,,,False,False
Connors RSI <10 in uptrend / >90 in downtrend,bear,10,19,42.10526315789473,1.3369353923455634,1.5533867782037802,12,25.0,-0.44579036006910466,-12.178030303030305,0,,,False,False
Bollinger %B <0 / >1,bull,1,536,55.223880597014926,0.21651812119666156,1.0627326941451685,263,56.27376425855514,0.33984429345921263,1.4631581979490775,34,64.70588235294117,0.6691255089193716,False,False
Bollinger %B <0 / >1,bull,3,536,59.14179104477611,0.44789780880743557,2.3426740469836176,263,51.71102661596958,0.2849642556048732,-5.6185188385758735,34,79.41176470588235,1.5280769296876389,False,False
Bollinger %B <0 / >1,bull,5,536,60.820895522388064,0.6631083045248585,3.2822641758097006,263,61.97718631178707,0.5048419438676093,2.753701463302221,34,64.70588235294117,1.1062678905002565,True,True
Bollinger %B <0 / >1,bull,10,536,56.71641791044776,0.536780007256289,-2.731705709861288,263,59.6958174904943,0.6022654969998653,-3.126152206475396,34,58.82352941176471,1.661389006561635,False,False
Bollinger %B <0 / >1,bear,1,469,46.05543710021322,-0.019396963326186862,0.2165850030829759,319,47.64890282131661,0.054276513336762706,2.459508881922673,24,45.83333333333333,-0.13347822692009875,False,False
Bollinger %B <0 / >1,bear,3,469,43.28358208955223,-0.002002772041063067,0.08269908734472864,319,47.02194357366771,0.1044139005785878,4.351489028213166,24,20.833333333333336,-0.9912499888204881,False,False
Bollinger %B <0 / >1,bear,5,469,44.562899786780385,0.059695396120800645,2.1015311333587476,319,45.141065830721004,0.11955960011085962,4.3645506792058555,24,33.33333333333333,-1.0412288179697569,False,False
Bollinger %B <0 / >1,bear,10,469,44.349680170575695,-0.03239478433429063,3.7978037908847426,319,38.24451410658307,-0.21269513614514274,1.0664838035527637,24,29.166666666666668,-1.7169776186177768,False,False
Bollinger %B <0 in uptrend / >1 in downtrend,bull,1,253,60.47430830039525,0.2582454773916007,6.313160397525493,134,60.447761194029844,0.20743525431838544,5.637155133423782,27,66.66666666666666,0.6459229500473981,True,True
Bollinger %B <0 in uptrend / >1 in downtrend,bull,3,253,62.845849802371546,0.5158981572998296,6.046732804579051,134,55.970149253731336,0.5867584533737508,-1.3593962008141176,27,74.07407407407408,1.235040618626743,True,False
Bollinger %B <0 in uptrend / >1 in downtrend,bull,5,253,67.98418972332016,0.8169080708466475,10.445558376741793,134,68.65671641791045,1.0102202640646918,9.433231569425594,27,62.96296296296296,0.8509776637802403,True,True
Bollinger %B <0 in uptrend / >1 in downtrend,bull,10,253,63.24110671936759,0.9415801535594795,3.792983099058546,134,65.67164179104478,1.518859080339762,2.849672094075082,27,48.148148148148145,0.2539786112695214,True,True
Bollinger %B <0 in uptrend / >1 in downtrend,bear,1,58,56.896551724137936,0.29096564154463056,11.057699627007693,34,47.05882352941176,0.09506980886792517,1.8694295900178233,0,,,False,False
Bollinger %B <0 in uptrend / >1 in downtrend,bear,3,58,51.724137931034484,0.6604884661034484,8.52325492882698,34,55.88235294117647,0.7058028687184555,13.211898395721924,0,,,False,False
Bollinger %B <0 in uptrend / >1 in downtrend,bear,5,58,58.620689655172406,1.1671286584682785,16.15932100175077,34,44.11764705882353,-0.07909078688734121,3.3411319073083803,0,,,False,False
Bollinger %B <0 in uptrend / >1 in downtrend,bear,10,58,58.620689655172406,1.596133804802147,18.068813275481453,34,20.588235294117645,-2.204361217167162,-16.58979500891266,0,,,False,False
Keltner below lower / above upper,bull,1,431,56.380510440835266,0.42800666942604293,2.219362537965509,265,56.60377358490566,0.31816386043078776,1.793167524299598,17,52.94117647058824,0.5440969559235472,False,False
Keltner below lower / above upper,bull,3,431,62.18097447795824,0.8872718426329889,5.381857480165742,265,56.60377358490566,0.41394500185829924,-0.725771869639793,17,76.47058823529412,1.7465742242604112,True,False
Keltner below lower / above upper,bull,5,431,63.341067285382834,1.328273763803646,5.8024359388044715,265,63.77358490566037,0.5700410454597739,4.55010005717552,16,75.0,1.7820506146510984,True,True
Keltner below lower / above upper,bull,10,431,61.94895591647332,1.7763801708225462,2.500832296164269,265,60.0,0.16013958666516206,-2.8219696969696955,13,69.23076923076923,4.348277005804333,True,False
Keltner below lower / above upper,bear,1,1164,45.36082474226804,-0.035855518413345076,-0.47802735486219916,845,47.81065088757396,0.014426119727015924,2.621256948180026,103,44.66019417475729,-0.13936631066350894,False,False
Keltner below lower / above upper,bear,3,1164,42.697594501718214,-0.07013786013983359,-0.5032885004892904,845,44.97041420118343,0.014787725253757314,2.299959655728884,102,31.372549019607842,-0.5461487559925874,False,False
Keltner below lower / above upper,bear,5,1164,42.35395189003437,-0.1032705582412947,-0.10741676338727046,845,45.798816568047336,0.04251557978042051,5.022301416532187,102,34.31372549019608,-0.6908713745895368,False,False
Keltner below lower / above upper,bear,10,1164,38.57388316151203,-0.2617492362458583,-1.9779932181789235,845,37.0414201183432,-0.23157052127040448,-0.1366101846871075,100,31.0,-1.5038701147849896,False,False
Donchian(20) new low / new high,bull,1,881,52.213393870601585,0.04818864271820551,-1.947754032268172,469,56.71641791044776,0.08502083838178351,1.9058118498416974,55,60.0,0.41847240041835143,False,False
Donchian(20) new low / new high,bull,3,881,56.41316685584563,0.28526618830024675,-0.3859501419468643,469,50.53304904051173,0.07292696709859094,-6.796496414033726,55,69.0909090909091,1.0746042440154497,False,False
Donchian(20) new low / new high,bull,5,881,57.888762769580026,0.5240200854921286,0.3501314230016632,469,56.71641791044776,0.22745231423163412,-2.5070669380370916,54,66.66666666666666,1.199399176655901,False,False
Donchian(20) new low / new high,bull,10,881,57.888762769580026,0.778864466053778,-1.5593608507290213,469,57.56929637526652,0.4023061953187161,-5.252673321703178,51,58.82352941176471,1.8339608401366336,False,False
Donchian(20) new low / new high,bear,1,1860,45.43010752688172,-0.012100482239633814,-0.4087445702485226,1196,45.40133779264214,-0.06051525031874524,0.21194385324820075,116,45.689655172413794,-0.18844850959972415,False,False
Donchian(20) new low / new high,bear,3,1860,43.763440860215056,-0.04080718698047682,0.5625578580075512,1196,43.1438127090301,-0.08774238397427732,0.47335816357555416,113,38.05309734513274,-0.4853919144242748,False,False
Donchian(20) new low / new high,bear,5,1860,42.68817204301075,-0.0914592915197072,0.22680338958911506,1196,42.80936454849498,-0.1482923187116876,2.0328493969798345,113,41.5929203539823,-0.5375999655088299,False,False
Donchian(20) new low / new high,bear,10,1860,38.27956989247312,-0.22126536998052365,-2.2723064872178327,1196,35.869565217391305,-0.4397798732860322,-1.3084650856389999,113,39.823008849557525,-1.0026002325250125,False,False
MFI(14) <20 / >80,bull,1,141,60.28368794326241,0.7387967417891972,6.12254004039265,104,56.730769230769226,0.6113330472713929,1.920163170163164,0,,,True,False
MFI(14) <20 / >80,bull,3,141,68.79432624113475,1.3195619518317427,11.99520924334226,104,60.57692307692307,0.7037891275790232,3.24737762237762,0,,,True,True
MFI(14) <20 / >80,bull,5,141,68.79432624113475,1.2415173699375712,11.255694894556392,104,62.5,0.48692979258172736,3.2765151515151487,0,,,True,True
MFI(14) <20 / >80,bull,10,141,63.829787234042556,1.6959170758963613,4.381663613733508,104,65.38461538461539,-0.08344131503226543,2.5626456876456913,0,,,True,False
MFI(14) <20 / >80,bear,1,361,47.92243767313019,-0.03869803340248243,2.0835855759999475,169,48.5207100591716,0.023932884838830944,3.331316119777661,15,66.66666666666666,0.41069412885576934,False,False
MFI(14) <20 / >80,bear,3,361,39.88919667590028,-0.22788953230266798,-3.3116863263072247,169,50.29585798816568,0.16587202090064712,7.625403442711132,15,46.666666666666664,0.10394195143271556,False,False
MFI(14) <20 / >80,bear,5,361,37.67313019390582,-0.353500087733572,-4.788238459515817,169,44.97041420118343,0.06708603366366142,4.193899049668282,15,53.333333333333336,0.15120783526710793,False,False
MFI(14) <20 / >80,bear,10,361,32.96398891966759,-0.47738810628980377,-7.58788746002336,169,27.218934911242602,-0.5101277755968138,-9.959095391787702,15,20.0,-1.4800382220863084,False,False
CMF(20) >0.05 / <-0.05,bull,1,5292,53.68480725623582,0.011877006851246945,-0.47634064663393616,2914,53.74056280027454,0.013041314321113402,-1.0700432603315235,235,50.212765957446805,-0.02072807749503917,False,False
CMF(20) >0.05 / <-0.05,bull,3,5292,56.500377928949355,0.04403241525036048,-0.2987390688431404,2914,56.280027453671934,0.07890905896224185,-1.049518000873519,233,52.36051502145923,0.0613119291135635,False,False
CMF(20) >0.05 / <-0.05,bull,5,5292,57.19954648526077,0.10069868485107074,-0.33908486131759474,2914,57.85861358956761,0.17350175562918488,-1.3648712589172405,231,47.61904761904761,0.12137763912847997,False,False
CMF(20) >0.05 / <-0.05,bull,10,5292,58.730158730158735,0.19257299264884045,-0.7179648901503128,2914,61.42759094028827,0.41227673366059314,-1.3943787566814265,226,53.09734513274337,0.32257022385654627,False,False
CMF(20) >0.05 / <-0.05,bear,1,1692,43.97163120567376,-0.1342913936918625,-1.8672208914564834,977,42.37461617195496,-0.18860021692699303,-2.814777767438976,143,39.86013986013986,-0.2531117314364721,False,False
CMF(20) >0.05 / <-0.05,bear,3,1692,41.13475177304964,-0.3725744142675048,-2.066131229157861,977,41.24872057318321,-0.46425957556649455,-1.4217339722713334,140,30.0,-0.9121906948769645,False,False
CMF(20) >0.05 / <-0.05,bear,5,1692,39.8936170212766,-0.5902733783561182,-2.5677516321450398,977,37.35926305015353,-0.6906550684790798,-3.417252101361619,138,33.33333333333333,-1.4043083997902681,False,False
CMF(20) >0.05 / <-0.05,bear,10,1692,37.64775413711584,-1.0358641879299857,-2.904122242575113,977,33.98157625383828,-1.1065689591176255,-3.1964540491920275,133,32.33082706766917,-2.3340915017424972,False,False
OBV above / below its 20-day avg,bull,1,5076,53.68400315208825,0.013595150123105536,-0.4771447507815054,3098,54.87411233053583,0.05645299488060683,0.06350626992976771,284,53.52112676056338,0.06713340352614787,False,False
OBV above / below its 20-day avg,bull,3,5076,56.10717100078803,0.044837419885354425,-0.691945997004467,3098,57.746933505487405,0.1554870839803189,0.41738805094195186,281,55.16014234875445,0.24843056542791203,False,False
OBV above / below its 20-day avg,bull,5,5076,56.65878644602049,0.05133794193019573,-0.8798449005578703,3098,59.78050355067786,0.2873823120014754,0.5570187021930053,279,54.121863799283155,0.4107658397221773,False,False
OBV above / below its 20-day avg,bull,10,5076,59.65327029156816,0.14767612513420098,0.205146671259115,3098,64.04131697869593,0.6161384745438123,1.219347281726236,274,53.64963503649635,0.7711119110041222,False,False
OBV above / below its 20-day avg,bear,1,3984,44.929718875502004,-0.06426699096277003,-0.9091332216282382,2182,45.18790100824931,-0.08323066610836798,-0.0014929311446252314,286,45.8041958041958,-0.10936531946169525,False,False
OBV above / below its 20-day avg,bear,3,3984,42.21887550200803,-0.17871019167660754,-0.9820075001994724,2182,43.26306141154904,-0.2678317799870145,0.5926068660944921,283,45.22968197879859,-0.24157371520959298,False,False
OBV above / below its 20-day avg,bear,5,3984,41.164658634538156,-0.3295870609931017,-1.2967100188834806,2182,41.56736938588451,-0.39507554238493564,0.7908542343693625,279,50.53763440860215,-0.36162454863978966,False,False
OBV above / below its 20-day avg,bear,10,3984,40.712851405622494,-0.5934131953856472,0.1609750259315419,2182,38.90925756186984,-0.7112127882511943,1.7312272588395388,269,47.21189591078067,-0.7054961717883543,False,False
ROC(9) <-5 / >5,bull,1,586,54.94880546075085,0.23292537993189047,0.78765755788109,388,54.123711340206185,0.0801677849183444,-0.6868947203998772,10,50.0,0.9472960314527412,False,False
ROC(9) <-5 / >5,bull,3,586,57.16723549488054,0.4188536871514822,0.368118497088048,388,53.608247422680414,0.19889513095981082,-3.7212980318650395,10,90.0,3.1698566294478647,False,False
ROC(9) <-5 / >5,bull,5,586,57.16723549488054,0.5778174473169826,-0.3713958516978195,388,59.5360824742268,0.20239884957868054,0.31259762574195094,10,90.0,3.8925634917240104,False,False
ROC(9) <-5 / >5,bull,10,586,58.36177474402731,0.9859544057343091,-1.0863488762817397,388,58.50515463917526,0.021389307418470668,-4.316815057794436,10,90.0,6.370210508022734,False,False
ROC(9) <-5 / >5,bear,1,539,49.90723562152134,0.05520384277683737,4.068383524391095,502,47.808764940239044,-0.01626966005517109,2.6193710008451063,54,38.88888888888889,-0.3111779996125509,False,False
ROC(9) <-5 / >5,bear,3,539,48.79406307977737,0.1483318650933536,5.593180077569862,502,45.81673306772908,-0.056562403053316085,3.1462785222745353,54,22.22222222222222,-0.8355064741337834,False,False
ROC(9) <-5 / >5,bear,5,539,46.19666048237477,0.054209137000627766,3.7352918289531303,502,45.0199203187251,-0.2976546715152957,4.24340516720995,54,33.33333333333333,-1.1135606233307365,False,False
ROC(9) <-5 / >5,bear,10,539,40.07421150278293,-0.21746425385930998,-0.4776648769080225,502,42.03187250996016,-0.42843778309651087,4.853842206929855,54,18.51851851851852,-2.5153397062473153,False,False
TRIX(18) rising above 0 / falling below 0,bull,1,3138,53.664754620777565,0.02941021838559672,-0.4963932820921926,1966,53.50966429298067,0.023560160635109188,-1.300941767625389,174,54.02298850574713,0.05777888118995705,False,False
TRIX(18) rising above 0 / falling below 0,bull,3,3138,57.29764181007011,0.0821362277281724,0.4985248122776156,1966,55.645981688708034,0.0784848961682093,-1.6835637658374196,171,54.97076023391813,0.14052682916039452,False,False
TRIX(18) rising above 0 / falling below 0,bull,5,3138,57.20203951561504,0.09485722218080353,-0.33659183096332157,1966,56.81586978636825,0.11082118753909408,-2.407615062116598,169,51.4792899408284,0.25192119944665997,False,False
TRIX(18) rising above 0 / falling below 0,bull,10,3138,59.145952836201396,0.1481078664443289,-0.30217078410765197,1966,60.73245167853509,0.24158274504279567,-2.089518018434603,164,57.3170731707317,0.7532459250577804,False,False
TRIX(18) rising above 0 / falling below 0,bear,1,1471,44.93541808293678,-0.09816911982007033,-0.9034340141934649,798,44.987468671679196,-0.10160740773257915,-0.20192526771474206,95,49.473684210526315,-0.01896662319233755,False,False
TRIX(18) rising above 0 / falling below 0,bear,3,1471,40.99252209381373,-0.2999725069361663,-2.2083609083937716,798,42.4812030075188,-0.2618050977343518,-0.18925153793574623,93,48.38709677419355,-0.19113966678001018,False,False
TRIX(18) rising above 0 / falling below 0,bear,5,1471,39.97280761386811,-0.48326848909252207,-2.488561039553524,798,38.34586466165413,-0.496176466933376,-2.4306504898610157,91,58.24175824175825,-0.49282059199659717,False,False
TRIX(18) rising above 0 / falling below 0,bear,10,1471,38.27328348062542,-0.7629420109736307,-2.2785928990655293,798,32.581453634085214,-1.3418262714343225,-4.59657666894509,86,44.18604651162791,-1.8338003261849118,False,False
DPO(21) <0 rising / >0 falling,bull,1,1659,54.3701024713683,0.0313583305104224,0.208954568498541,1009,54.80673934588701,0.11184197899769527,-0.003866714719052311,112,59.82142857142857,0.24966949132884148,False,False
DPO(21) <0 rising / >0 falling,bull,3,1659,54.671488848704044,0.09226912470986783,-2.1276281490884514,1009,57.680872150644205,0.24339701807397843,0.3513266960987522,108,58.333333333333336,0.30657100709138263,False,False
DPO(21) <0 rising / >0 falling,bull,5,1659,54.671488848704044,0.06624442205891884,-2.867142497874319,1009,57.08622398414271,0.3374796555050827,-2.1372608643421387,108,61.111111111111114,0.8505535182513063,False,False
DPO(21) <0 rising / >0 falling,bull,10,1659,58.107293550331526,0.21733726352417937,-1.340830069977521,1009,64.3211100099108,0.732869992592162,1.4991403129411012,106,62.264150943396224,1.5918135567846055,False,False
DPO(21) <0 rising / >0 falling,bear,1,1777,45.07597073719752,-0.013396180500311853,-0.7628813599327202,995,46.63316582914573,0.000705865677855612,1.443771889751794,115,45.21739130434783,-0.07968440881123544,False,False
DPO(21) <0 rising / >0 falling,bear,3,1777,41.64321890827237,-0.09612315569516292,-1.5576640939351378,995,43.81909547738693,-0.20386887694491185,1.148640931932384,115,40.0,-0.4444129324909667,False,False
DPO(21) <0 rising / >0 falling,bear,5,1777,41.361845807540796,-0.20760093931567453,-1.0995228458808413,995,38.89447236180904,-0.41176953511789355,-1.8820427897061052,115,44.34782608695652,-0.31840062292704224,False,False
DPO(21) <0 rising / >0 falling,bear,10,1777,40.5740011254924,-0.5198899623447018,0.022124745801448853,995,37.98994974874372,-0.642482570789166,0.8119194457134142,110,51.81818181818182,-0.14736500067388653,False,False
Aroon up>70 & down<30 / reverse,bull,1,3165,52.85939968404424,0.023222671021346255,-1.3017482188255158,2000,54.900000000000006,0.06394980563933621,0.08939393939394336,149,53.691275167785236,0.07480736088490213,False,False
Aroon up>70 & down<30 / reverse,bull,3,3165,56.17693522906792,0.06969379722121574,-0.6221817687245732,2000,58.599999999999994,0.1633245175595641,1.270454545454541,146,58.21917808219178,0.3021487367236154,False,False
Aroon up>70 & down<30 / reverse,bull,5,3165,56.96682464454976,0.1206500072318523,-0.5718067020286028,2000,60.150000000000006,0.25183921098793005,0.9265151515151544,146,58.21917808219178,0.5591709553904118,False,False
Aroon up>70 & down<30 / reverse,bull,10,3165,61.20063191153239,0.36757950193255334,1.752508291223343,2000,66.0,0.6094670161256729,3.1780303030303045,146,63.6986301369863,1.1565412941153357,True,True
Aroon up>70 & down<30 / reverse,bear,1,1557,44.76557482337829,-0.08288036026239437,-1.0732772737519554,894,46.19686800894854,-0.08602675962802256,1.007474069554604,136,46.32352941176471,-0.1272164725920436,False,False
Aroon up>70 & down<30 / reverse,bear,3,1557,40.52665382145151,-0.33386057058397844,-2.6742291807559937,894,45.302013422818796,-0.22649793516614244,2.631558877364249,135,45.18518518518518,-0.33657578360244556,False,False
Aroon up>70 & down<30 / reverse,bear,5,1557,41.29736673089274,-0.5013896382958455,-1.1640019225288967,894,39.14988814317674,-0.4463086848192646,-1.62662700833841,133,48.87218045112782,-0.49109901987219656,False,False
Aroon up>70 & down<30 / reverse,bear,10,1557,40.59087989723828,-0.7213364428851239,0.03900351754732867,894,38.3668903803132,-0.8974091235245587,1.1888600772828966,129,44.18604651162791,-1.3994349654514895,False,False
Chande MO(9) <-50 / >50,bull,1,612,55.392156862745104,0.23392262964979285,1.2310089598753464,376,56.64893617021277,0.30756086205646693,1.8383301096067086,25,76.0,0.9555937861083578,False,False
Chande MO(9) <-50 / >50,bull,3,612,58.66013071895425,0.4707748956367084,1.8610137211617541,376,55.053191489361694,0.5067968357085908,-2.276353965183759,25,80.0,2.04387009070435,False,False
Chande MO(9) <-50 / >50,bull,5,612,58.66013071895425,0.6591353446222252,1.1214993723758866,376,61.702127659574465,0.5909989304147459,2.478642811089614,24,58.333333333333336,1.6162942502551576,False,False
Chande MO(9) <-50 / >50,bull,10,612,55.88235294117647,1.0459997988490233,-3.5657706791325765,376,56.64893617021277,0.13280960701059066,-6.1730335267569245,24,62.5,2.905485260377788,False,False
Chande MO(9) <-50 / >50,bear,1,1648,45.63106796116505,-0.009636385601018241,-0.2077841359651913,981,45.15800203873599,-0.00792403220142006,-0.031391900657951055,94,42.5531914893617,-0.1490338229435341,False,False
Chande MO(9) <-50 / >50,bear,3,1648,43.44660194174757,-0.08349482113293898,0.24571893954006896,981,44.44444444444444,-0.030232597117933076,1.7739898989898961,94,35.1063829787234,-0.39390616786438337,False,False
Chande MO(9) <-50 / >50,bear,5,1648,42.17233009708738,-0.14789797895715304,-0.2890385563342548,981,45.361875637104994,-0.0693726292787321,4.585360485589845,94,43.61702127659575,-0.48541148903794973,False,False
Chande MO(9) <-50 / >50,bear,10,1648,38.10679611650485,-0.3366217650032564,-2.4450802631860995,981,37.61467889908257,-0.28806327308463375,0.43664859605226525,91,29.67032967032967,-1.6983455087961405,False,False
Elder Force Index(13) >0 / <0,bull,1,5027,53.17286652078774,-0.0006851558287992886,-0.9882813820820147,3064,55.22193211488251,0.047829343502149645,0.41132605427645075,300,54.333333333333336,0.10940558049306728,False,False
Elder Force Index(13) >0 / <0,bull,3,5027,55.87825740998608,0.04520081493459668,-0.9208595878064187,3064,57.86553524804178,0.14903268727041916,0.5359897934963271,295,58.98305084745763,0.3561521279329009,False,False
Elder Force Index(13) >0 / <0,bull,5,5027,56.872886413367816,0.06657031444004727,-0.6657449332105472,3064,59.23629242819843,0.27275379415039536,0.012807579713580708,293,54.60750853242321,0.5604189070108424,False,False
Elder Force Index(13) >0 / <0,bull,10,5027,59.598169882633776,0.20977570015067368,0.15004626232472873,3064,64.03394255874673,0.589781096778933,1.211972861777035,285,55.78947368421052,1.1367772458972296,False,False
Elder Force Index(13) >0 / <0,bear,1,4033,44.38383337465906,-0.08145126515545092,-1.4550187224711806,2216,45.667870036101085,-0.0947434941777944,0.47847609670714775,270,46.666666666666664,-0.06489886599833573,False,False
Elder Force Index(13) >0 / <0,bear,3,4033,41.87949417307216,-0.17663070922426133,-1.3213888291353442,2216,43.411552346570396,-0.27503239002984176,0.7410978011158491,269,49.07063197026022,-0.1230835410756591,False,False
Elder Force Index(13) >0 / <0,bear,5,4033,41.50756260848004,-0.3072197554039358,-0.9538060449415937,2216,40.794223826714806,-0.41364964385726044,0.01770867519965691,265,51.320754716981135,-0.19356293810872438,False,False
Elder Force Index(13) >0 / <0,bear,10,4033,40.66451772873791,-0.5105925457327513,0.11264134904696022,2216,38.85379061371842,-0.7461976613583868,1.675760310688112,258,49.6124031007752,-0.29876596412979217,False,False
Vortex VI+ > VI- / reverse,bull,1,5399,53.73217262456011,0.014507891592764636,-0.4289752783096503,3403,55.27475756685277,0.07412308836383884,0.46415150624670787,314,52.86624203821656,0.05443067685288885,False,False
Vortex VI+ > VI- / reverse,bull,3,5399,56.2696795702908,0.06355504393395459,-0.5294374275016978,3403,58.595357037907725,0.19870980102661187,1.2658115833622716,310,56.451612903225815,0.23283442458755582,False,False
Vortex VI+ > VI- / reverse,bull,5,5399,57.45508427486572,0.11450004319255846,-0.08354707171264408,3403,59.53570379077284,0.2981353999600516,0.3122189422879913,308,54.54545454545454,0.45943337881140356,False,False
Vortex VI+ > VI- / reverse,bull,10,5399,60.21485460270421,0.3082982665459849,0.7667309823951598,3403,63.85542168674698,0.5868585229928214,1.0334519897772836,303,51.48514851485149,0.6352007604827933,True,True
Vortex VI+ > VI- / reverse,bear,1,3660,44.86338797814208,-0.06736408235263536,-0.9754641189881639,1877,45.924347362813,-0.05554598928419568,0.7349534234190642,256,44.921875,-0.12989506029556147,False,False
Vortex VI+ > VI- / reverse,bear,3,3660,42.322404371584696,-0.16279222390390588,-0.8784786306228085,1877,44.91209376664891,-0.20772428194413073,2.2416392211943617,254,46.45669291338583,-0.25982550656462916,False,False
Vortex VI+ > VI- / reverse,bear,5,3660,42.21311475409836,-0.2607265709327473,-0.24825389932327369,1877,41.34256792754395,-0.3930796323923521,0.5660527760288048,250,51.6,-0.29596575071630615,False,False
Vortex VI+ > VI- / reverse,bear,10,3660,41.612021857923494,-0.39558968814575646,1.060145478232542,1877,39.05167820990943,-0.7797462676378609,1.8736479068791283,240,44.583333333333336,-0.8691554308329602,False,False
"TSI(25,13) <-25 rising / >25 falling",bull,1,197,54.82233502538071,-0.14962197606777172,0.6611871225109525,106,50.943396226415096,-0.35983853359174567,-3.867209834190966,5,60.0,-0.20031287900551975,False,False
"TSI(25,13) <-25 rising / >25 falling",bull,3,197,56.852791878172596,-0.18123098348700278,0.053674880380100376,106,49.056603773584904,-0.23631429012442642,-8.27294168096055,3,66.66666666666666,-0.6183739829346354,False,False
"TSI(25,13) <-25 rising / >25 falling",bull,5,197,54.82233502538071,-0.1814622299285356,-2.716296321197653,106,50.0,-0.19474634819475786,-9.223484848484851,3,66.66666666666666,2.490548596731612,False,False
"TSI(25,13) <-25 rising / >25 falling",bull,10,197,54.314720812182735,0.20866917159786322,-5.133402808126313,106,54.71698113207547,0.42594653119735176,-8.104988564894228,3,100.0,6.075543237689892,False,False
"TSI(25,13) <-25 rising / >25 falling",bear,1,682,44.42815249266862,-0.015460012706699607,-1.4106996044616196,500,43.4,-0.05334405677491323,-1.789393939393939,34,41.17647058823529,0.021657180865365937,False,False
"TSI(25,13) <-25 rising / >25 falling",bear,3,682,41.64222873900293,-0.0020717624802744786,-1.5586542632045735,500,33.6,-0.31385453739443053,-9.070454545454545,34,41.17647058823529,-0.06541472117565084,False,False
"TSI(25,13) <-25 rising / >25 falling",bear,5,682,42.22873900293255,-0.0962112934863016,-0.23262965048908768,500,33.800000000000004,-0.5059177138118163,-6.9765151515151445,34,32.35294117647059,-1.029631424658749,False,False
"TSI(25,13) <-25 rising / >25 falling",bear,10,682,40.32258064516129,-0.413857183857509,-0.22929573452966423,500,36.0,-0.619623505303295,-1.1780303030303045,34,26.47058823529412,-1.4984082472269329,False,False
Parabolic SAR below / above price,bull,1,5278,53.35354300871542,0.0025258073601634305,-0.8076048941543377,3301,54.55922447743108,0.0668512381407889,-0.2513815831749824,317,52.99684542586751,0.05106165141507728,False,False
Parabolic SAR below / above price,bull,3,5278,56.00606290261463,0.036974139675288176,-0.7930540951778653,3301,58.31566192063011,0.20588969866688497,0.9861164660846597,313,54.31309904153354,0.1791381301190349,False,False
Parabolic SAR below / above price,bull,5,5278,57.61652140962485,0.08925583771941621,0.07789006304648893,3301,60.07270524083611,0.3756385370473732,0.8492203923512562,309,50.80906148867314,0.3189324594527379,False,False
Parabolic SAR below / above price,bull,10,5278,59.85221674876847,0.2017119540718782,0.40409312845942225,3301,65.19236594971221,0.7263871446633561,2.370396252742516,298,53.355704697986575,0.8565208311747811,False,False
Parabolic SAR below / above price,bear,1,3782,44.39450026441036,-0.0824213280734048,-1.4443518327198817,1979,44.669024759979784,-0.06863302399486343,-0.5203691794141534,253,45.059288537549406,-0.13501116390866144,False,False
Parabolic SAR below / above price,bear,3,3782,41.935483870967744,-0.19683411892424443,-1.2653991312397608,1979,44.21424962102072,-0.19528349408959386,1.5437950755661731,251,43.82470119521912,-0.327108030128686,False,False
Parabolic SAR below / above price,bear,5,3782,42.43786356425172,-0.2915319758728482,-0.023505089169916005,1979,42.193026781202626,-0.25890976516984393,1.4165116296874771,249,46.98795180722892,-0.4696658167955534,False,False
Parabolic SAR below / above price,bear,10,3782,41.03648863035431,-0.5418102823919222,0.48461225066336056,1979,41.13188479029813,-0.5370688901299129,3.953854487267826,245,46.93877551020408,-0.5951833719841311,False,False
"SuperTrend(10,3) up / down",bull,1,9060,54.16114790286976,0.03587733708836198,0.0,5280,54.81060606060606,0.06751907037662479,0.0,570,53.85964912280702,0.08832345257451023,False,False
"SuperTrend(10,3) up / down",bull,3,9060,56.799116997792495,0.10370597648760083,0.0,5280,57.32954545454545,0.2019143807012677,0.0,564,54.96453900709219,0.2449899827829044,False,False
"SuperTrend(10,3) up / down",bull,5,9060,57.53863134657836,0.17369384594196366,0.0,5280,59.22348484848485,0.3318873553152463,0.0,558,51.792114695340494,0.3861951941809835,False,False
"SuperTrend(10,3) up / down",bull,10,9060,59.44812362030905,0.3436823599997376,0.0,5280,62.821969696969695,0.6554286549433401,0.0,543,53.22283609576427,0.7386061396430881,False,False
"SuperTrend(10,3) up / down",bear,1,0,,,,0,,,,0,,,False,False
"SuperTrend(10,3) up / down",bear,3,0,,,,0,,,,0,,,False,False
"SuperTrend(10,3) up / down",bear,5,0,,,,0,,,,0,,,False,False
"SuperTrend(10,3) up / down",bear,10,0,,,,0,,,,0,,,False,False
IBS <0.2 / >0.8,bull,1,1670,56.22754491017964,0.2371245515218538,2.066397007309881,1009,55.99603567888999,0.20049460675345082,1.1854296182839263,95,51.578947368421055,0.2415133276051836,False,False
IBS <0.2 / >0.8,bull,3,1670,60.29940119760479,0.4329549515661348,3.5002841998122918,1009,59.365708622398415,0.43364900956726565,2.036163167852962,95,52.63157894736842,0.43321310095771004,True,False
IBS <0.2 / >0.8,bull,5,1670,62.33532934131737,0.6105006235159727,4.796697994739006,1009,59.26660059464817,0.5389615469584387,0.04311574616331626,92,54.347826086956516,0.6083694803781138,True,False
IBS <0.2 / >0.8,bull,10,1670,61.43712574850299,0.7229382811976383,1.9890021281939454,1009,61.54608523290387,0.8569681294002931,-1.2758844640658253,90,58.88888888888889,1.0775086020353621,True,False
IBS <0.2 / >0.8,bear,1,2639,45.69912845774915,-0.0016400702952362922,-0.13972363938109567,1620,44.69135802469136,0.004542446999254563,-0.4980359147025766,147,42.857142857142854,-0.17595320531141537,False,False
IBS <0.2 / >0.8,bear,3,2639,41.26563092080334,-0.09561885483007625,-1.9352520814041654,1620,43.82716049382716,-0.040911410892090126,1.1567059483726112,146,45.20547945205479,-0.3310445193566975,False,False
IBS <0.2 / >0.8,bear,5,2639,41.151951496779084,-0.13834003403317688,-1.309417156642553,1620,41.913580246913575,-0.1097591056030416,1.1370650953984267,146,47.94520547945205,-0.5350846019726898,False,False
IBS <0.2 / >0.8,bear,10,2639,40.20462296324365,-0.2755085318334391,-0.3472534164473018,1620,37.96296296296296,-0.4076426195671617,0.7849326599326574,143,46.15384615384615,-1.0583193152177157,False,False
3+ down days in uptrend / 3+ up days in downtrend,bull,1,463,58.963282937365015,0.20967781522856294,4.802135034495258,274,57.299270072992705,0.11895293555453822,2.488664012386643,40,80.0,0.6295816636312843,False,False
3+ down days in uptrend / 3+ up days in downtrend,bull,3,463,63.714902807775374,0.4848132662736454,6.915785809982879,274,55.47445255474452,0.2189744948878751,-1.8550928998009297,40,57.49999999999999,0.7293211857637012,True,False
3+ down days in uptrend / 3+ up days in downtrend,bull,5,463,63.93088552915766,0.5282047886156558,6.3922541825793004,274,61.67883211678832,0.6035321619125564,2.45534726830347,38,63.1578947368421,0.937654465379385,True,True
3+ down days in uptrend / 3+ up days in downtrend,bull,10,463,58.09935205183585,0.6087088387390633,-1.3487715684731967,274,60.21897810218978,0.6617461586152715,-2.6029915947799154,37,64.86486486486487,1.2209732188064872,False,False
3+ down days in uptrend / 3+ up days in downtrend,bear,1,299,53.17725752508361,0.27455919348357566,7.338405427953369,143,52.44755244755245,0.3075303173963158,7.258158508158509,6,0.0,-1.108978981237992,False,False
3+ down days in uptrend / 3+ up days in downtrend,bear,3,299,58.19397993311036,0.696401460378244,14.993096930902858,143,48.95104895104895,0.36395522481333215,6.280594405594407,6,0.0,-3.4074784418475446,False,False
3+ down days in uptrend / 3+ up days in downtrend,bear,5,299,57.19063545150501,0.889634272650999,14.729266798083373,143,44.05594405594406,0.1407280593649514,3.2794289044289116,6,0.0,-4.873134075722089,False,False
3+ down days in uptrend / 3+ up days in downtrend,bear,10,299,43.47826086956522,0.4906705635492049,2.926384489874266,143,30.069930069930066,-0.6879835407516087,-7.108100233100238,6,0.0,-8.822594224739744,False,False
Choppiness <38 (trending) with SMA50 direction,bull,1,1096,53.284671532846716,0.029223998266660497,-0.8764763700230418,762,52.887139107611546,0.008963629819219061,-1.9234669529945165,87,56.32183908045977,0.18595035827346534,False,False
Choppiness <38 (trending) with SMA50 direction,bull,3,1096,57.846715328467155,0.11520076398086201,1.04759833067466,762,54.98687664041994,0.027603429530685338,-2.34266881412551,85,67.05882352941175,0.5187106739723749,False,False
Choppiness <38 (trending) with SMA50 direction,bull,5,1096,60.58394160583942,0.2540400150496844,3.0453102592610577,762,54.199475065616795,0.028662925278414773,-5.024009782868056,85,62.35294117647059,0.8749931494113614,True,False
Choppiness <38 (trending) with SMA50 direction,bull,10,1096,63.22992700729927,0.41903907274356517,3.7818033869902195,762,61.811023622047244,0.17666775055218054,-1.010946074922451,84,78.57142857142857,2.240455365377953,True,False
Choppiness <38 (trending) with SMA50 direction,bear,1,413,45.52058111380145,-0.09271366356073132,-0.31827098332879444,226,51.76991150442478,-0.008250903189638201,6.580517565030846,6,50.0,-0.5894135255885039,False,False
Choppiness <38 (trending) with SMA50 direction,bear,3,413,41.162227602905574,-0.43865487671393855,-2.0386553993019305,226,46.46017699115044,-0.08940659001488223,3.789722445695894,6,0.0,-2.5101785529803062,False,False
Choppiness <38 (trending) with SMA50 direction,bear,5,413,40.92009685230024,-0.4661174886150914,-1.5412718011213968,226,39.823008849557525,0.12310901118716344,-0.9535063019576242,6,33.33333333333333,-1.9921329362865323,False,False
Choppiness <38 (trending) with SMA50 direction,bear,10,413,41.64648910411623,-0.8852046000600449,1.094612724425275,226,46.017699115044245,1.6249217772631535,8.83966881201394,6,50.0,-3.9804287895965573,False,False
"VIX 5% above 10-day avg, uptrend / VIX 5% below, downtrend",bull,1,1471,54.52073419442556,0.0712925370706553,0.35958629155580013,911,57.5192096597146,0.1283248295088234,2.7086035991085353,130,61.53846153846154,0.2578290663825671,False,False
"VIX 5% above 10-day avg, uptrend / VIX 5% below, downtrend",bull,3,1471,59.2794017675051,0.1804012143869622,2.480284769712604,911,59.49506037321625,0.3200913819694501,2.1655149186707945,130,64.61538461538461,0.6138214500970179,False,False
"VIX 5% above 10-day avg, uptrend / VIX 5% below, downtrend",bull,5,1471,63.35825968728756,0.4479243588941421,5.819628340709194,911,61.690450054884735,0.46312543775930165,2.466965206399884,124,64.51612903225806,0.7275410171648332,True,True
"VIX 5% above 10-day avg, uptrend / VIX 5% below, downtrend",bull,10,1471,63.63018354860639,0.8196456584369265,4.182059928297342,911,63.666300768386385,0.7220845817675144,0.8443310714166898,124,58.06451612903226,0.6442936647187254,True,True
"VIX 5% above 10-day avg, uptrend / VIX 5% below, downtrend",bear,1,837,48.38709677419355,0.06944553147730574,2.548244677063309,561,45.632798573975045,-0.19006695704754514,0.4434046345811069,9,11.11111111111111,-0.18057371898051333,False,False
"VIX 5% above 10-day avg, uptrend / VIX 5% below, downtrend",bear,3,837,47.31182795698925,0.044885764062931335,4.110944954781743,561,40.46345811051694,-0.4567890505091592,-2.206996434937608,9,11.11111111111111,-1.9082167264786227,False,False
"VIX 5% above 10-day avg, uptrend / VIX 5% below, downtrend",bear,5,837,44.205495818399044,-0.04627147762381623,1.7441271649774066,561,38.859180035650624,-0.7370891138957202,-1.9173351158645247,9,11.11111111111111,-3.557357657146447,False,False
"VIX 5% above 10-day avg, uptrend / VIX 5% below, downtrend",bear,10,837,36.79808841099164,-0.40118650249534726,-3.7537879686993136,561,33.8680926916221,-1.4617966792194403,-3.309937611408202,9,11.11111111111111,-7.868310740533711,False,False
VIX RSI(2) >90 / <10,bull,1,927,54.58468176914779,0.16650785352221245,0.423533866278035,492,56.50406504065041,0.22629776433974974,1.6934589800443476,30,90.0,0.8802811383955678,False,False
VIX RSI(2) >90 / <10,bull,3,927,57.92880258899677,0.24169977382677432,1.1296855912042716,492,59.34959349593496,0.34811658343281204,2.020048041389508,30,56.666666666666664,0.4776229589353291,False,False
VIX RSI(2) >90 / <10,bull,5,927,62.45954692556634,0.5421942020110746,4.92091557898798,492,59.552845528455286,0.3062239836359036,0.32936067997043494,30,70.0,0.9298448769287767,True,False
VIX RSI(2) >90 / <10,bull,10,927,61.48867313915858,0.6826726593490018,2.040549518849531,492,61.382113821138205,0.30469015955723733,-1.4398558758314906,30,63.33333333333333,1.0998038872310791,True,False
VIX RSI(2) >90 / <10,bear,1,1095,43.652968036529685,-0.01661835468508069,-2.185884060600557,726,46.005509641873275,0.029264915079232245,0.8161157024793368,36,36.11111111111111,-0.29144228223226015,False,False
VIX RSI(2) >90 / <10,bear,3,1095,43.926940639269404,-0.04050782145867858,0.7260576370618992,726,46.69421487603306,0.029403590999692086,4.0237603305785115,36,30.555555555555557,-0.8736303220465312,False,False
VIX RSI(2) >90 / <10,bear,5,1095,44.20091324200913,-0.04477398128837977,1.739544588587492,726,42.561983471074385,-0.18426147097853338,1.7854683195592358,36,38.88888888888889,-0.7967438503777212,False,False
VIX RSI(2) >90 / <10,bear,10,1095,39.90867579908676,-0.23497954194179418,-0.6432005806041943,726,36.50137741046832,-0.45835177043724035,-0.6766528925619824,36,38.88888888888889,-1.2619915850939982,False,False
VIX9D above VIX (inverted) / far below,bull,1,1782,55.106621773288445,0.0851202802647299,0.945473870418688,1272,54.638364779874216,0.07398323655681759,-0.1722412807318463,75,62.66666666666667,0.41842928119498846,False,False
VIX9D above VIX (inverted) / far below,bull,3,1782,57.968574635241296,0.16266750582939574,1.1694576374488008,1272,56.60377358490566,0.22435729813894753,-0.725771869639793,75,56.00000000000001,0.37071454021457595,False,False
VIX9D above VIX (inverted) / far below,bull,5,1782,58.36139169472503,0.29014192369445,0.8227603481466659,1272,59.27672955974843,0.34553089882073634,0.05324471126358077,75,50.66666666666667,0.30419353357874357,False,False
VIX9D above VIX (inverted) / far below,bull,10,1782,60.1571268237935,0.5610717125128726,0.7090032034844498,1272,65.25157232704403,1.0306183475868933,2.429602630074335,75,48.0,0.1307235215063251,True,True
VIX9D above VIX (inverted) / far below,bear,1,663,45.09803921568628,-0.038882850220672484,-0.740812881443965,984,43.90243902439025,-0.019864893239899633,-1.2869549150036903,171,52.046783625730995,0.01350407825805896,False,False
VIX9D above VIX (inverted) / far below,bear,3,663,39.66817496229261,-0.17259375624046175,-3.532708039914894,984,43.1910569105691,-0.030590106579262186,0.5206023651145557,165,49.09090909090909,0.06573440635144553,False,False
VIX9D above VIX (inverted) / far below,bear,5,663,39.969834087481146,-0.27293833131446166,-2.4915345659404906,984,43.1910569105691,0.006051859553329035,2.4145417590539537,165,54.54545454545454,0.12344639380880984,False,False
VIX9D above VIX (inverted) / far below,bear,10,663,39.366515837104075,-0.5223002848171525,-1.1853605425868778,984,41.86991869918699,0.08225652241474554,4.691888396156685,165,63.030303030303024,0.44923202906250537,False,False
TV rating Strong Buy / Strong Sell,bull,1,1244,55.546623794212216,0.04093993516002473,1.385475891342459,757,54.02906208718626,0.05489386770418536,-0.7815439734198009,83,53.01204819277109,0.083895363015806,False,False
TV rating Strong Buy / Strong Sell,bull,3,1244,58.520900321543415,0.10851611106776587,1.7217833237509197,757,56.53896961690885,0.09701025571345566,-0.7905758376366023,81,51.85185185185185,0.26625991845097824,False,False
TV rating Strong Buy / Strong Sell,bull,5,1244,58.60128617363344,0.1469560603520738,1.062654827055077,757,58.65257595772787,0.1708421449073455,-0.5709088907569821,79,44.303797468354425,0.14491321529478304,False,False
TV rating Strong Buy / Strong Sell,bull,10,1244,61.575562700964625,0.17541453039820926,2.127439080655577,757,62.219286657859975,0.2950494084293323,-0.6026830391097207,77,54.54545454545454,0.6921635962469077,True,False
TV rating Strong Buy / Strong Sell,bear,1,464,47.62931034482759,-0.11471129874982892,1.7904582476973445,235,48.51063829787234,-0.07385687895535223,3.3212443584784026,8,50.0,-0.5249873734395047,False,False
TV rating Strong Buy / Strong Sell,bear,3,464,44.612068965517246,-0.1955550066114067,1.411185963309741,235,50.638297872340424,0.06643288534913312,7.967843326885877,8,0.0,-2.56518137943319,False,False
TV rating Strong Buy / Strong Sell,bear,5,464,45.258620689655174,-0.45947761090954253,2.7972520362335374,235,46.38297872340426,0.29858230964334664,5.606463571889108,8,25.0,-2.192546039587852,False,False
TV rating Strong Buy / Strong Sell,bear,10,464,40.73275862068966,-0.44128121829156575,0.18088224099870587,235,46.38297872340426,0.08448671038666541,9.204948420373952,8,0.0,-7.152315437283395,False,False
TV rating Buy / Sell,bull,1,5502,53.4896401308615,0.005294468910132899,-0.6715077720082547,3332,55.10204081632652,0.049830936636940104,0.2914347557204593,354,51.69491525423729,0.044676531267109534,False,False
TV rating Buy / Sell,bull,3,5502,56.32497273718647,0.04085078863763832,-0.47414426060602466,3332,57.92316926770709,0.14082612660226698,0.5936238131616349,350,53.42857142857142,0.15167835894187814,False,False
TV rating Buy / Sell,bull,5,5502,56.68847691748455,0.06063932289915415,-0.8501544290938128,3332,59.603841536614645,0.26300293343982256,0.38035668812979395,348,50.0,0.2558920762513382,False,False
TV rating Buy / Sell,bull,10,5502,59.30570701563068,0.21073488460130158,-0.1424166046783668,3332,63.65546218487395,0.5405050620549333,0.8334924879042518,339,51.03244837758112,0.5244302033421661,False,False
TV rating Buy / Sell,bear,1,2639,45.471769609700644,-0.07393381294241969,-0.3670824874295988,1417,46.29498941425547,-0.0784222265672307,1.1055954748615306,155,43.87096774193549,-0.14388217828263603,False,False
TV rating Buy / Sell,bear,3,2639,42.932929139825696,-0.20945780095864444,-0.26795386238180896,1417,45.02470007057163,-0.2187155618682282,2.3542455251170864,154,45.45454545454545,-0.22022940292430696,False,False
TV rating Buy / Sell,bear,5,2639,41.60666919287609,-0.3578950582561322,-0.8546994605455467,1417,42.27240649258998,-0.38195291459038166,1.495891341074831,151,50.331125827814574,-0.3839234465882498,False,False
TV rating Buy / Sell,bear,10,2639,40.280409245926485,-0.5629293545366308,-0.2714671337644674,1417,39.37896965419901,-0.7694838364027242,2.2009393511687065,146,45.89041095890411,-0.948233155229153,False,False
TV rating Sell in uptrend (buy the dip) / Buy in downtrend,bull,1,1051,56.23215984776403,0.074296192248225,2.0710119448942734,561,59.180035650623886,0.1264360197238656,4.369429590017823,132,55.3030303030303,0.11408662663599253,False,False
TV rating Sell in uptrend (buy the dip) / Buy in downtrend,bull,3,1051,59.27687916270219,0.27879407660676514,2.4777621649096915,561,56.68449197860963,0.3371909732124341,-0.6450534759358248,131,51.908396946564885,0.11928501628484406,False,False
TV rating Sell in uptrend (buy the dip) / Buy in downtrend,bull,5,1051,63.08277830637488,0.5214062861599831,5.544146959796514,561,62.03208556149733,0.6488108958736791,2.8086007130124813,128,47.65625,0.14729655972103256,True,True
TV rating Sell in uptrend (buy the dip) / Buy in downtrend,bull,10,1051,62.797335870599426,0.9705474071371196,3.3492122502903783,561,68.09269162210339,1.2064899649295757,5.270721925133692,123,46.34146341463415,-0.03343050895525874,True,True
TV rating Sell in uptrend (buy the dip) / Buy in downtrend,bear,1,820,46.95121951219512,0.02799700706669455,1.112367415064874,387,45.47803617571059,-0.09848418143719385,0.28864223631665453,0,,,False,False
TV rating Sell in uptrend (buy the dip) / Buy in downtrend,bear,3,820,45.487804878048784,-0.01789434236086491,2.28692187584128,387,39.79328165374677,-0.2844038305442239,-2.8771728917077795,0,,,False,False
TV rating Sell in uptrend (buy the dip) / Buy in downtrend,bear,5,820,44.51219512195122,0.0035955962064601723,2.0508264685295856,387,36.69250645994832,-0.5888115572656625,-4.084008691566829,0,,,False,False
TV rating Sell in uptrend (buy the dip) / Buy in downtrend,bear,10,820,36.58536585365854,-0.2729267143404899,-3.9665105260324154,387,32.55813953488372,-1.1026932908623375,-4.619890768146583,0,,,False,False
