t,et,o,h,l,c,v
1652448600,2022-05-13 09:30,33.3,33.3,33.3,33.3,None
1652707800,2022-05-16 09:30,26.17,26.17,26.17,26.17,None
1652794200,2022-05-17 09:30,25.13,25.13,25.13,25.13,None
1652880600,2022-05-18 09:30,31.31,31.31,31.31,31.31,None
1652967000,2022-05-19 09:30,29.36,29.36,29.36,29.36,None
1653053400,2022-05-20 09:30,34.84,34.84,34.84,34.84,None
1653312600,2022-05-23 09:30,26.63,26.63,26.63,26.63,None
1653399000,2022-05-24 09:30,27.84,27.84,27.84,27.84,None
1653485400,2022-05-25 09:30,26.51,26.51,26.51,26.51,None
1653571800,2022-05-26 09:30,23.94,23.94,23.94,23.94,None
1653658200,2022-05-27 09:30,26.48,26.48,26.48,26.48,None
1654003800,2022-05-31 09:30,22.97,22.97,22.97,22.97,None
1654090200,2022-06-01 09:30,22.38,22.38,22.38,22.38,None
1654176600,2022-06-02 09:30,23.14,23.14,23.14,23.14,None
1654263000,2022-06-03 09:30,23.83,23.83,23.83,23.83,None
1654522200,2022-06-06 09:30,20.21,20.21,20.21,20.21,None
1654608600,2022-06-07 09:30,18.98,18.98,18.98,18.98,None
1654695000,2022-06-08 09:30,19.53,19.53,19.53,19.53,None
1654781400,2022-06-09 09:30,30.35,30.35,30.35,30.35,None
1654867800,2022-06-10 09:30,32.79,32.79,32.79,32.79,None
1655127000,2022-06-13 09:30,40.46,40.46,40.46,40.46,None
1655213400,2022-06-14 09:30,42.55,42.55,42.55,42.55,None
1655299800,2022-06-15 09:30,39.17,39.17,39.17,39.17,None
1655386200,2022-06-16 09:30,41.24,41.24,41.24,41.24,None
1655472600,2022-06-17 09:30,36.45,36.45,36.45,36.45,None
1655818200,2022-06-21 09:30,25.5,25.5,25.5,25.5,None
1655904600,2022-06-22 09:30,25.04,25.04,25.04,25.04,None
1655991000,2022-06-23 09:30,25.56,25.56,25.56,25.56,None
1656077400,2022-06-24 09:30,27.32,27.32,27.32,27.32,None
1656336600,2022-06-27 09:30,23.59,23.59,23.59,23.59,None
1656423000,2022-06-28 09:30,25.21,25.21,25.21,25.21,None
1656509400,2022-06-29 09:30,28.34,28.34,28.34,28.34,None
1656595800,2022-06-30 09:30,27.06,27.06,27.06,27.06,None
1656682200,2022-07-01 09:30,27.07,27.07,27.07,27.07,None
1657027800,2022-07-05 09:30,23.9,23.9,23.9,23.9,None
1657114200,2022-07-06 09:30,22.78,22.78,22.78,22.78,None
1657200600,2022-07-07 09:30,22.33,22.33,22.33,22.33,None
1657287000,2022-07-08 09:30,20.78,20.78,20.78,20.78,None
1657546200,2022-07-11 09:30,18.92,18.92,18.92,18.92,None
1657632600,2022-07-12 09:30,30.92,30.92,30.92,30.92,None
1657719000,2022-07-13 09:30,24.35,24.35,24.35,24.35,None
1657805400,2022-07-14 09:30,24.74,24.74,24.74,24.74,None
1657891800,2022-07-15 09:30,20.62,20.62,20.62,20.62,None
1658151000,2022-07-18 09:30,20.01,20.01,20.01,20.01,None
1658237400,2022-07-19 09:30,21.66,21.66,21.66,21.66,None
1658323800,2022-07-20 09:30,20.52,20.52,20.52,20.52,None
1658410200,2022-07-21 09:30,19.08,19.08,19.08,19.08,None
1658496600,2022-07-22 09:30,18.55,18.55,18.55,18.55,None
1658755800,2022-07-25 09:30,17.1,17.1,17.1,17.1,None
1658842200,2022-07-26 09:30,27.89,27.89,27.89,27.89,None
1658928600,2022-07-27 09:30,23.2,23.2,23.2,23.2,None
1659015000,2022-07-28 09:30,21.34,21.34,21.34,21.34,None
1659101400,2022-07-29 09:30,18.97,18.97,18.97,18.97,None
1659360600,2022-08-01 09:30,18.15,18.15,18.15,18.15,None
1659447000,2022-08-02 09:30,19.59,19.59,19.59,19.59,None
1659533400,2022-08-03 09:30,17.7,17.7,17.7,17.7,None
1659619800,2022-08-04 09:30,18.44,18.44,18.44,18.44,None
1659706200,2022-08-05 09:30,17.83,17.83,17.83,17.83,None
1659965400,2022-08-08 09:30,15.76,15.76,15.76,15.76,None
1660051800,2022-08-09 09:30,24.57,24.57,24.57,24.57,None
1660138200,2022-08-10 09:30,15.5,15.5,15.5,15.5,None
1660224600,2022-08-11 09:30,16.91,16.91,16.91,16.91,None
1660311000,2022-08-12 09:30,16.44,16.44,16.44,16.44,None
1660570200,2022-08-15 09:30,14.6,14.6,14.6,14.6,None
1660656600,2022-08-16 09:30,14.83,14.83,14.83,14.83,None
1660743000,2022-08-17 09:30,16.32,16.32,16.32,16.32,None
1660829400,2022-08-18 09:30,16.6,16.6,16.6,16.6,None
1660915800,2022-08-19 09:30,17.48,17.48,17.48,17.48,None
1661175000,2022-08-22 09:30,18.84,18.84,18.84,18.84,None
1661261400,2022-08-23 09:30,17.91,17.91,17.91,17.91,None
1661347800,2022-08-24 09:30,16.42,16.42,16.42,16.42,None
1661434200,2022-08-25 09:30,24.99,24.99,24.99,24.99,None
1661520600,2022-08-26 09:30,25.68,25.68,25.68,25.68,None
1661779800,2022-08-29 09:30,20.09,20.09,20.09,20.09,None
1661866200,2022-08-30 09:30,22.07,22.07,22.07,22.07,None
1661952600,2022-08-31 09:30,21.83,21.83,21.83,21.83,None
1662039000,2022-09-01 09:30,25.51,25.51,25.51,25.51,None
1662125400,2022-09-02 09:30,27.72,27.72,27.72,27.72,None
1662471000,2022-09-06 09:30,22.46,22.46,22.46,22.46,None
1662557400,2022-09-07 09:30,22.54,22.54,22.54,22.54,None
1662643800,2022-09-08 09:30,19.94,19.94,19.94,19.94,None
1662730200,2022-09-09 09:30,20.52,20.52,20.52,20.52,None
1662989400,2022-09-12 09:30,29.42,29.42,29.42,29.42,None
1663075800,2022-09-13 09:30,29.3,29.3,29.3,29.3,None
1663162200,2022-09-14 09:30,25.48,25.48,25.48,25.48,None
1663248600,2022-09-15 09:30,25.83,25.83,25.83,25.83,None
1663335000,2022-09-16 09:30,26.44,26.44,26.44,26.44,None
1663594200,2022-09-19 09:30,21.39,21.39,21.39,21.39,None
1663680600,2022-09-20 09:30,37.26,37.26,37.26,37.26,None
1663767000,2022-09-21 09:30,33.61,33.61,33.61,33.61,None
1663853400,2022-09-22 09:30,25.56,25.56,25.56,25.56,None
1663939800,2022-09-23 09:30,33.86,33.86,33.86,33.86,None
1664199000,2022-09-26 09:30,30.71,30.71,30.71,30.71,None
1664285400,2022-09-27 09:30,29.04,29.04,29.04,29.04,None
1664371800,2022-09-28 09:30,27.6,27.6,27.6,27.6,None
1664458200,2022-09-29 09:30,34.31,34.31,34.31,34.31,None
1664544600,2022-09-30 09:30,32.81,32.81,32.81,32.81,None
1664803800,2022-10-03 09:30,26.25,26.25,26.25,26.25,None
1664890200,2022-10-04 09:30,24.57,24.57,24.57,24.57,None
1664976600,2022-10-05 09:30,23.75,23.75,23.75,23.75,None
1665063000,2022-10-06 09:30,32.7,32.7,32.7,32.7,None
1665149400,2022-10-07 09:30,30.32,30.32,30.32,30.32,None
1665408600,2022-10-10 09:30,24.52,24.52,24.52,24.52,None
1665495000,2022-10-11 09:30,27.56,27.56,27.56,27.56,None
1665581400,2022-10-12 09:30,46.36,46.36,46.36,46.36,None
1665667800,2022-10-13 09:30,32.16,32.16,32.16,32.16,None
1665754200,2022-10-14 09:30,34.06,34.06,34.06,34.06,None
1666013400,2022-10-17 09:30,25.88,25.88,25.88,25.88,None
1666099800,2022-10-18 09:30,27.89,27.89,27.89,27.89,None
1666186200,2022-10-19 09:30,27.1,27.1,27.1,27.1,None
1666272600,2022-10-20 09:30,26.52,26.52,26.52,26.52,None
1666359000,2022-10-21 09:30,28.15,28.15,28.15,28.15,None
1666618200,2022-10-24 09:30,24.75,24.75,24.75,24.75,None
1666704600,2022-10-25 09:30,24.57,24.57,24.57,24.57,None
1666791000,2022-10-26 09:30,23.44,23.44,23.44,23.44,None
1666877400,2022-10-27 09:30,27.15,27.15,27.15,27.15,None
1666963800,2022-10-28 09:30,25.18,25.18,25.18,25.18,None
1667223000,2022-10-31 09:30,19.71,19.71,19.71,19.71,None
1667309400,2022-11-01 09:30,31.98,31.98,31.98,31.98,None
1667395800,2022-11-02 09:30,24,24,24,24,None
1667482200,2022-11-03 09:30,29.77,29.77,29.77,29.77,None
1667568600,2022-11-04 09:30,21.74,21.74,21.74,21.74,None
1667831400,2022-11-07 09:30,19.5,19.5,19.5,19.5,None
1667917800,2022-11-08 09:30,26.6,26.6,26.6,26.6,None
1668004200,2022-11-09 09:30,40.79,40.79,40.79,40.79,None
1668090600,2022-11-10 09:30,24.89,24.89,24.89,24.89,None
1668177000,2022-11-11 09:30,24.38,24.38,24.38,24.38,None
1668436200,2022-11-14 09:30,20.5,20.5,20.5,20.5,None
1668522600,2022-11-15 09:30,23.26,23.26,23.26,23.26,None
1668609000,2022-11-16 09:30,21.09,21.09,21.09,21.09,None
1668695400,2022-11-17 09:30,21.39,21.39,21.39,21.39,None
1668781800,2022-11-18 09:30,20.44,20.44,20.44,20.44,None
1669041000,2022-11-21 09:30,15.59,15.59,15.59,15.59,None
1669127400,2022-11-22 09:30,16.35,16.35,16.35,16.35,None
1669213800,2022-11-23 09:30,16.84,16.84,16.84,16.84,None
1669386600,2022-11-25 09:30,14.52,14.52,14.52,14.52,None
1669645800,2022-11-28 09:30,15.45,15.45,15.45,15.45,None
1669732200,2022-11-29 09:30,23.25,23.25,23.25,23.25,None
1669818600,2022-11-30 09:30,19.66,19.66,19.66,19.66,None
1669905000,2022-12-01 09:30,22.45,22.45,22.45,22.45,None
1669991400,2022-12-02 09:30,14.88,14.88,14.88,14.88,None
1670250600,2022-12-05 09:30,15.11,15.11,15.11,15.11,None
1670337000,2022-12-06 09:30,18.2,18.2,18.2,18.2,None
1670423400,2022-12-07 09:30,18.43,18.43,18.43,18.43,None
1670509800,2022-12-08 09:30,21.59,21.59,21.59,21.59,None
1670596200,2022-12-09 09:30,20.27,20.27,20.27,20.27,None
1670855400,2022-12-12 09:30,47.14,47.14,47.14,47.14,None
1670941800,2022-12-13 09:30,37.56,37.56,37.56,37.56,None
1671028200,2022-12-14 09:30,23.9,23.9,23.9,23.9,None
1671114600,2022-12-15 09:30,25.76,25.76,25.76,25.76,None
1671201000,2022-12-16 09:30,22.19,22.19,22.19,22.19,None
1671460200,2022-12-19 09:30,18.54,18.54,18.54,18.54,None
1671546600,2022-12-20 09:30,18.77,18.77,18.77,18.77,None
1671633000,2022-12-21 09:30,16.32,16.32,16.32,16.32,None
1671719400,2022-12-22 09:30,21.32,21.32,21.32,21.32,None
1671805800,2022-12-23 09:30,19.24,19.24,19.24,19.24,None
1672151400,2022-12-27 09:30,16.81,16.81,16.81,16.81,None
1672237800,2022-12-28 09:30,18.97,18.97,18.97,18.97,None
1672324200,2022-12-29 09:30,18.24,18.24,18.24,18.24,None
1672410600,2022-12-30 09:30,21.53,21.53,21.53,21.53,None
1672756200,2023-01-03 09:30,21.77,21.77,21.77,21.77,None
1672842600,2023-01-04 09:30,17.4,17.4,17.4,17.4,None
1672929000,2023-01-05 09:30,27.76,27.76,27.76,27.76,None
1673015400,2023-01-06 09:30,17.95,17.95,17.95,17.95,None
1673274600,2023-01-09 09:30,19,19,19,19,None
1673361000,2023-01-10 09:30,15.16,15.16,15.16,15.16,None
1673447400,2023-01-11 09:30,38.38,38.38,38.38,38.38,None
1673533800,2023-01-12 09:30,17.76,17.76,17.76,17.76,None
1673620200,2023-01-13 09:30,16.56,16.56,16.56,16.56,None
1673965800,2023-01-17 09:30,16.89,16.89,16.89,16.89,None
1674052200,2023-01-18 09:30,16.98,16.98,16.98,16.98,None
1674138600,2023-01-19 09:30,17.81,17.81,17.81,17.81,None
1674225000,2023-01-20 09:30,16.69,16.69,16.69,16.69,None
1674484200,2023-01-23 09:30,16.32,16.32,16.32,16.32,None
1674570600,2023-01-24 09:30,16.97,16.97,16.97,16.97,None
1674657000,2023-01-25 09:30,18.35,18.35,18.35,18.35,None
1674743400,2023-01-26 09:30,17.43,17.43,17.43,17.43,None
1674829800,2023-01-27 09:30,15.98,15.98,15.98,15.98,None
1675089000,2023-01-30 09:30,17.73,17.73,17.73,17.73,None
1675175400,2023-01-31 09:30,26.23,26.23,26.23,26.23,None
1675261800,2023-02-01 09:30,17.67,17.67,17.67,17.67,None
1675348200,2023-02-02 09:30,26.19,26.19,26.19,26.19,None
1675434600,2023-02-03 09:30,17.8,17.8,17.8,17.8,None
1675693800,2023-02-06 09:30,20.5,20.5,20.5,20.5,None
1675780200,2023-02-07 09:30,16.45,16.45,16.45,16.45,None
1675866600,2023-02-08 09:30,17.45,17.45,17.45,17.45,None
1675953000,2023-02-09 09:30,18.73,18.73,18.73,18.73,None
1676039400,2023-02-10 09:30,18.91,18.91,18.91,18.91,None
1676298600,2023-02-13 09:30,32.21,32.21,32.21,32.21,None
1676385000,2023-02-14 09:30,17.15,17.15,17.15,17.15,None
1676471400,2023-02-15 09:30,16.19,16.19,16.19,16.19,None
1676557800,2023-02-16 09:30,22.86,22.86,22.86,22.86,None
1676644200,2023-02-17 09:30,18.72,18.72,18.72,18.72,None
1676989800,2023-02-21 09:30,19.94,19.94,19.94,19.94,None
1677076200,2023-02-22 09:30,17.96,17.96,17.96,17.96,None
1677162600,2023-02-23 09:30,18.97,18.97,18.97,18.97,None
1677249000,2023-02-24 09:30,18.66,18.66,18.66,18.66,None
1677508200,2023-02-27 09:30,16.09,16.09,16.09,16.09,None
1677594600,2023-02-28 09:30,15.91,15.91,15.91,15.91,None
1677681000,2023-03-01 09:30,17.27,17.27,17.27,17.27,None
1677767400,2023-03-02 09:30,17.18,17.18,17.18,17.18,None
1677853800,2023-03-03 09:30,16.45,16.45,16.45,16.45,None
1678113000,2023-03-06 09:30,20.35,20.35,20.35,20.35,None
1678199400,2023-03-07 09:30,16.55,16.55,16.55,16.55,None
1678285800,2023-03-08 09:30,15.3,15.3,15.3,15.3,None
1678372200,2023-03-09 09:30,28.48,28.48,28.48,28.48,None
1678458600,2023-03-10 09:30,30.02,30.02,30.02,30.02,None
1678714200,2023-03-13 09:30,40.19,40.19,40.19,40.19,None
1678800600,2023-03-14 09:30,22.04,22.04,22.04,22.04,None
1678887000,2023-03-15 09:30,26.74,26.74,26.74,26.74,None
1678973400,2023-03-16 09:30,21.9,21.9,21.9,21.9,None
1679059800,2023-03-17 09:30,28.3,28.3,28.3,28.3,None
1679319000,2023-03-20 09:30,18.64,18.64,18.64,18.64,None
1679405400,2023-03-21 09:30,29.05,29.05,29.05,29.05,None
1679491800,2023-03-22 09:30,23.98,23.98,23.98,23.98,None
1679578200,2023-03-23 09:30,23.7,23.7,23.7,23.7,None
1679664600,2023-03-24 09:30,21.6,21.6,21.6,21.6,None
1679923800,2023-03-27 09:30,17.42,17.42,17.42,17.42,None
1680010200,2023-03-28 09:30,15.53,15.53,15.53,15.53,None
1680096600,2023-03-29 09:30,15.15,15.15,15.15,15.15,None
1680183000,2023-03-30 09:30,14.9,14.9,14.9,14.9,None
1680269400,2023-03-31 09:30,16.1,16.1,16.1,16.1,None
1680528600,2023-04-03 09:30,12.1,12.1,12.1,12.1,None
1680615000,2023-04-04 09:30,12.99,12.99,12.99,12.99,None
1680701400,2023-04-05 09:30,12.74,12.74,12.74,12.74,None
1680787800,2023-04-06 09:30,18.49,18.49,18.49,18.49,None
1681133400,2023-04-10 09:30,12.7,12.7,12.7,12.7,None
1681219800,2023-04-11 09:30,19.31,19.31,19.31,19.31,None
1681306200,2023-04-12 09:30,14.44,14.44,14.44,14.44,None
1681392600,2023-04-13 09:30,13.56,13.56,13.56,13.56,None
1681479000,2023-04-14 09:30,12.56,12.56,12.56,12.56,None
1681738200,2023-04-17 09:30,11.36,11.36,11.36,11.36,None
1681824600,2023-04-18 09:30,11.81,11.81,11.81,11.81,None
1681911000,2023-04-19 09:30,11.95,11.95,11.95,11.95,None
1681997400,2023-04-20 09:30,12.75,12.75,12.75,12.75,None
1682083800,2023-04-21 09:30,13.27,13.27,13.27,13.27,None
1682343000,2023-04-24 09:30,8.55,10.09,8.55,9.96,None
1682429400,2023-04-25 09:30,8.47,16.4,8.33,14.59,None
1682515800,2023-04-26 09:30,11.42,15.13,10.7,13.73,None
1682602200,2023-04-27 09:30,9.74,15.59,9.65,15.28,None
1682688600,2023-04-28 09:30,10.35,13.97,10.12,13.35,None
1682947800,2023-05-01 09:30,9.51,10.85,8.86,10.06,None
1683034200,2023-05-02 09:30,9.34,19.83,9.34,19.82,None
1683120600,2023-05-03 09:30,19.37,23.03,17.54,17.64,None
1683207000,2023-05-04 09:30,15.09,21,14.71,20.77,None
1683293400,2023-05-05 09:30,13.02,14.58,11.77,14.12,None
1683552600,2023-05-08 09:30,10.14,12.45,9.57,11.32,None
1683639000,2023-05-09 09:30,10.06,18.33,9.76,18.33,None
1683725400,2023-05-10 09:30,11.69,14.86,10.98,13.39,None
1683811800,2023-05-11 09:30,11.91,13.82,10.98,13.82,None
1683898200,2023-05-12 09:30,10.08,15.94,9.86,14.18,None
1684157400,2023-05-15 09:30,10.47,11.68,9.49,11.68,None
1684243800,2023-05-16 09:30,9.78,14.11,9.24,13.98,None
1684330200,2023-05-17 09:30,9.56,13.08,9.18,12.94,None
1684416600,2023-05-18 09:30,10.44,13.97,10.1,13.7,None
1684503000,2023-05-19 09:30,11.36,15.37,11.14,14.17,None
1684762200,2023-05-22 09:30,10.28,12.8,10.06,12.29,None
1684848600,2023-05-23 09:30,11.37,14.63,9.41,13.43,None
1684935000,2023-05-24 09:30,12.78,17.61,12.41,17.51,None
1685021400,2023-05-25 09:30,14.2,17.15,12.52,16.5,None
1685107800,2023-05-26 09:30,13.29,21.13,12.58,20.34,None
1685453400,2023-05-30 09:30,11.64,14.31,10.52,13.58,None
1685539800,2023-05-31 09:30,11.51,15.13,10.59,15.1,None
1685626200,2023-06-01 09:30,10.52,14.46,9.92,13.98,None
1685712600,2023-06-02 09:30,10.64,12.2,10.3,11.9,None
1685971800,2023-06-05 09:30,9.69,11.29,8.86,10.57,None
1686058200,2023-06-06 09:30,9.53,10.3,8.61,10.27,None
1686144600,2023-06-07 09:30,8.9,11.04,8.5,11.04,None
1686231000,2023-06-08 09:30,9.24,11.12,8.35,11.02,None
1686317400,2023-06-09 09:30,9.26,11.96,8.84,11.59,None
1686576600,2023-06-12 09:30,9.29,16.79,9.04,16.75,None
1686663000,2023-06-13 09:30,11.78,17.39,11.45,17.26,None
1686749400,2023-06-14 09:30,15.89,19.36,13.68,13.98,None
1686835800,2023-06-15 09:30,11.08,16.29,9.82,15,None
1686922200,2023-06-16 09:30,12.12,12.71,10.58,12.43,None
1687267800,2023-06-20 09:30,9.4,11.05,8.55,11.04,None
1687354200,2023-06-21 09:30,9.79,10.93,9.29,10.93,None
1687440600,2023-06-22 09:30,9.43,10.51,8.67,10.34,None
1687527000,2023-06-23 09:30,9.6,11.45,8.18,11.32,None
1687786200,2023-06-26 09:30,9.03,11.33,8.17,11.09,None
1687872600,2023-06-27 09:30,8.87,10.78,7.93,10.54,None
1687959000,2023-06-28 09:30,8.38,11.37,8.02,11.36,None
1688045400,2023-06-29 09:30,9.21,13.17,9.1,13.09,None
1688131800,2023-06-30 09:30,9.51,15.3,9.47,15.3,None
1688391000,2023-07-03 09:30,10.41,10.51,9.51,9.89,None
1688563800,2023-07-05 09:30,8.23,10.1,7.57,9.99,None
1688650200,2023-07-06 09:30,9.57,13.96,9.57,13.92,None
1688736600,2023-07-07 09:30,10.13,11.75,8.38,11.25,None
1688995800,2023-07-10 09:30,8.68,10.61,7.96,10.48,None
1689082200,2023-07-11 09:30,8.59,16.33,8.29,15.91,None
1689168600,2023-07-12 09:30,10.26,11.21,8.43,10.62,None
1689255000,2023-07-13 09:30,8.59,12.06,7.6,12.06,None
1689341400,2023-07-14 09:30,8.77,10.57,7.96,10.17,None
1689600600,2023-07-17 09:30,7.68,9.85,7.19,9.72,None
1689687000,2023-07-18 09:30,7.51,10.6,6.92,9.63,None
1689773400,2023-07-19 09:30,8.15,11.74,7.56,10.65,None
1689859800,2023-07-20 09:30,8.57,12.29,8.18,11.26,None
1689946200,2023-07-21 09:30,9.03,10.39,8.15,9.73,None
1690205400,2023-07-24 09:30,7.66,9.54,7.03,9.32,None
1690291800,2023-07-25 09:30,8.42,16.41,7.87,15.14,None
1690378200,2023-07-26 09:30,13.14,14.79,10.39,10.42,None
1690464600,2023-07-27 09:30,8,16.74,7.12,14.81,None
1690551000,2023-07-28 09:30,8.76,11.39,8.46,10.47,None
1690810200,2023-07-31 09:30,8.22,9.86,7.65,9.38,None
1690896600,2023-08-01 09:30,8.39,9.65,7.46,9.42,None
1690983000,2023-08-02 09:30,9.66,14.2,9.14,13.79,None
1691069400,2023-08-03 09:30,10.62,16.62,10,15.3,None
1691155800,2023-08-04 09:30,10.48,16.94,8.86,14.69,None
1691415000,2023-08-07 09:30,9.22,11.08,8.7,10.49,None
1691501400,2023-08-08 09:30,9.61,12.05,9.39,11.08,None
1691587800,2023-08-09 09:30,9.47,18.44,9.03,17.44,None
1691674200,2023-08-10 09:30,11.78,16.74,10.76,15.26,None
1691760600,2023-08-11 09:30,12.18,14.19,11.59,12.98,None
1692019800,2023-08-14 09:30,10.63,11.96,9.45,11.77,None
1692106200,2023-08-15 09:30,10.15,14.63,9.83,14.2,None
1692192600,2023-08-16 09:30,10.62,14.91,10.22,14.16,None
1692279000,2023-08-17 09:30,10.43,16.38,10.43,15.97,None
1692365400,2023-08-18 09:30,12.25,16.6,11.97,16.14,None
1692624600,2023-08-21 09:30,10.91,13.66,10.19,13.6,None
1692711000,2023-08-22 09:30,9.99,13.33,9.87,12.82,None
1692797400,2023-08-23 09:30,10.18,15.37,10.18,15.34,None
1692883800,2023-08-24 09:30,10.47,17.83,10.47,17.36,None
1692970200,2023-08-25 09:30,15.21,16.59,13.85,13.96,None
1693229400,2023-08-28 09:30,9.82,11.97,9.76,11.35,None
1693315800,2023-08-29 09:30,9.79,12.31,9.42,12.31,None
1693402200,2023-08-30 09:30,10.05,12.01,9.65,11.98,None
1693488600,2023-08-31 09:30,9.85,12.72,9.44,12.72,None
1693575000,2023-09-01 09:30,10.02,11.24,8.93,10.44,None
1693920600,2023-09-05 09:30,8.74,9.96,8.17,9.93,None
1694007000,2023-09-06 09:30,8.81,11.35,8.2,10.64,None
1694093400,2023-09-07 09:30,9.71,11.05,9.39,11.05,None
1694179800,2023-09-08 09:30,9.75,11.11,8.41,10.92,None
1694439000,2023-09-11 09:30,8.11,9.98,7.76,9.98,None
1694525400,2023-09-12 09:30,8.43,13.82,8.11,13.78,None
1694611800,2023-09-13 09:30,10.1,11.5,8.61,11.01,None
1694698200,2023-09-14 09:30,8.58,12.19,8.21,11.93,None
1694784600,2023-09-15 09:30,9.14,11.67,8.52,10.59,None
1695043800,2023-09-18 09:30,8.84,10.03,7.89,9.58,None
1695130200,2023-09-19 09:30,8.39,14.15,8.2,13.79,None
1695216600,2023-09-20 09:30,13.09,15.29,12.32,13.84,None
1695303000,2023-09-21 09:30,11.32,19.09,10.51,19.09,None
1695389400,2023-09-22 09:30,11.52,19.07,10.87,17.49,None
1695648600,2023-09-25 09:30,12.63,16.28,11.39,14.96,None
1695735000,2023-09-26 09:30,12.38,17.15,11.46,16.95,None
1695821400,2023-09-27 09:30,11.66,18.23,11.32,17.53,None
1695907800,2023-09-28 09:30,14.94,19.47,14.2,19.47,None
1695994200,2023-09-29 09:30,13.47,18.97,12.43,17.29,None
1696253400,2023-10-02 09:30,12.55,22.72,11.6,14.64,None
1696339800,2023-10-03 09:30,13.45,17.84,12.68,16.76,None
1696426200,2023-10-04 09:30,13.3,15.95,12.72,15.78,None
1696512600,2023-10-05 09:30,13.18,19.5,12.57,19.48,None
1696599000,2023-10-06 09:30,16.1,16.12,14.25,15.47,None
1696858200,2023-10-09 09:30,12.57,15.15,12,15.12,None
1696944600,2023-10-10 09:30,11.2,15.24,10.74,14.69,None
1697031000,2023-10-11 09:30,11.77,17.21,11.77,15.57,None
1697117400,2023-10-12 09:30,11.51,17.4,11.25,14.84,None
1697203800,2023-10-13 09:30,12.09,22.08,11.84,20.96,None
1697463000,2023-10-16 09:30,12.33,14.87,11.54,14.28,None
1697549400,2023-10-17 09:30,12.12,15.67,11.87,14.33,None
1697635800,2023-10-18 09:30,12.2,19.37,12.2,17.63,None
1697722200,2023-10-19 09:30,14.5,20.49,14.39,20.43,None
1697808600,2023-10-20 09:30,14.87,20.71,14.76,20.71,None
1698067800,2023-10-23 09:30,14.12,17.49,14.12,16.34,None
1698154200,2023-10-24 09:30,12.54,16.36,12.54,16.07,None
1698240600,2023-10-25 09:30,12.72,18.19,12.71,17.62,None
1698327000,2023-10-26 09:30,15.87,19.26,15.1,18.63,None
1698413400,2023-10-27 09:30,15.64,21.75,14.93,20.76,None
1698672600,2023-10-30 09:30,13.72,16.31,13.57,16.27,None
1698759000,2023-10-31 09:30,13.63,18.28,13.09,18.16,None
1698845400,2023-11-01 09:30,16.84,18.99,14.8,14.81,None
1698931800,2023-11-02 09:30,11.72,15.47,11.16,15.29,None
1699018200,2023-11-03 09:30,12.33,14.07,11.27,13.3,None
1699281000,2023-11-06 09:30,10.3,11.18,9.15,10.73,None
1699367400,2023-11-07 09:30,9.29,10.73,8.27,10.58,None
1699453800,2023-11-08 09:30,9.06,11.28,8.81,11.15,None
1699540200,2023-11-09 09:30,9.44,13.45,9.03,13.39,None
1699626600,2023-11-10 09:30,9.92,12.81,9.45,12.17,None
1699885800,2023-11-13 09:30,9.81,15.59,9.58,15.32,None
1699972200,2023-11-14 09:30,10.98,13.87,9.9,13.72,None
1700058600,2023-11-15 09:30,10.57,12.29,9.53,11.65,None
1700145000,2023-11-16 09:30,9.16,11.73,8.88,11.49,None
1700231400,2023-11-17 09:30,9.46,10.41,8.5,9.9,None
1700490600,2023-11-20 09:30,7.7,9.57,7.15,8.96,None
1700577000,2023-11-21 09:30,7.85,12.3,7.49,12.12,None
1700663400,2023-11-22 09:30,7.95,11.87,7.61,10.55,None
1700836200,2023-11-24 09:30,8.72,9.13,8.27,8.77,None
1701095400,2023-11-27 09:30,6.93,8.38,6.38,8.21,None
1701181800,2023-11-28 09:30,7,8.95,6.24,8.81,None
1701268200,2023-11-29 09:30,7.4,10.39,7.08,10.39,None
1701354600,2023-11-30 09:30,8.88,11.6,8.41,11.44,None
1701441000,2023-12-01 09:30,10,10.93,9.15,10.62,None
1701700200,2023-12-04 09:30,8.41,10.17,7.8,9.91,None
1701786600,2023-12-05 09:30,8.86,9.46,7.66,9.38,None
1701873000,2023-12-06 09:30,7.83,9.76,7.47,9.73,None
1701959400,2023-12-07 09:30,7.88,14.44,7.78,14.19,None
1702045800,2023-12-08 09:30,9.59,10.33,8.17,9.97,None
1702305000,2023-12-11 09:30,7.47,13.43,7.37,13.22,None
1702391400,2023-12-12 09:30,8.93,12.64,8.63,12.61,None
1702477800,2023-12-13 09:30,11.51,15.28,11.04,15.28,None
1702564200,2023-12-14 09:30,10.05,15.25,9.56,15.22,None
1702650600,2023-12-15 09:30,15.22,15.22,8.29,9.84,None
1702909800,2023-12-18 09:30,7.1,9.24,7.03,8.8,None
1702996200,2023-12-19 09:30,6.71,8.73,6.3,8.69,None
1703082600,2023-12-20 09:30,7.18,16.7,6.55,15.2,None
1703169000,2023-12-21 09:30,9.71,13.68,9.59,12.37,None
1703255400,2023-12-22 09:30,9.49,12.83,8.82,10.02,None
1703601000,2023-12-26 09:30,7.44,8.61,6.93,8.21,None
1703687400,2023-12-27 09:30,6.98,9.41,6.58,8.23,None
1703773800,2023-12-28 09:30,7.36,10.82,7.07,10.37,None
1703860200,2023-12-29 09:30,8.61,11.47,7.87,9.42,None
1704205800,2024-01-02 09:30,8.62,10.31,7.8,9.45,None
1704292200,2024-01-03 09:30,8.95,10.69,8.55,10.62,None
1704378600,2024-01-04 09:30,8.38,13.1,8.1,13.1,None
1704465000,2024-01-05 09:30,9.74,10.62,9.16,10,None
1704724200,2024-01-08 09:30,7.88,10.19,7.58,9.45,None
1704810600,2024-01-09 09:30,8.17,9.34,7.85,9.02,None
1704897000,2024-01-10 09:30,7.96,14.11,7.59,13.82,None
1704983400,2024-01-11 09:30,9.97,12.6,9.22,11.15,None
1705069800,2024-01-12 09:30,9.44,12,9.15,11.67,None
1705415400,2024-01-16 09:30,9,10.85,8.4,9.94,None
1705501800,2024-01-17 09:30,9.78,11.74,9.31,11.38,None
1705588200,2024-01-18 09:30,9.24,12.7,8.62,11.84,None
1705674600,2024-01-19 09:30,9.62,12.23,9.4,10.15,None
1705933800,2024-01-22 09:30,8.11,9.83,7.72,9.34,None
1706020200,2024-01-23 09:30,8.01,9.05,7.58,8.63,None
1706106600,2024-01-24 09:30,7.51,10.96,7.07,10.74,None
1706193000,2024-01-25 09:30,8.46,11.11,8.25,11.06,None
1706279400,2024-01-26 09:30,9.39,10.23,8.29,9.47,None
1706538600,2024-01-29 09:30,7.35,10.53,7.06,9.33,None
1706625000,2024-01-30 09:30,8.37,15.43,8.21,14.5,None
1706711400,2024-01-31 09:30,12.09,25.6,11.8,13.47,None
1706797800,2024-02-01 09:30,10.21,15.21,9.84,13.91,None
1706884200,2024-02-02 09:30,11.12,12.77,10.01,12.35,None
1707143400,2024-02-05 09:30,8.98,10.17,8.46,9.7,None
1707229800,2024-02-06 09:30,7.84,10.26,7.77,9.86,None
1707316200,2024-02-07 09:30,8,10.4,7.9,10.1,None
1707402600,2024-02-08 09:30,8.29,10,7.69,10,None
1707489000,2024-02-09 09:30,8.79,10.79,7.89,10.66,None
1707748200,2024-02-12 09:30,7.33,14.06,7.01,14.06,None
1707834600,2024-02-13 09:30,10.8,16.27,9.67,13.72,None
1707921000,2024-02-14 09:30,9.16,12.86,8.87,12.1,None
1708007400,2024-02-15 09:30,8.83,13.32,8.4,12.93,None
1708093800,2024-02-16 09:30,10.42,14.11,9.53,13.22,None
1708439400,2024-02-20 09:30,8.64,12.38,8.31,11.88,None
1708525800,2024-02-21 09:30,9.58,18.28,9.22,17.83,None
1708612200,2024-02-22 09:30,10.3,13.31,9.47,12.03,None
1708698600,2024-02-23 09:30,8.44,10.81,8.41,10.27,None
1708957800,2024-02-26 09:30,7.66,10.02,7.42,9.82,None
1709044200,2024-02-27 09:30,7.55,9.86,7.2,9.68,None
1709130600,2024-02-28 09:30,7.6,12.99,7.49,12.99,None
1709217000,2024-02-29 09:30,9.61,11.57,8.54,10.95,None
1709303400,2024-03-01 09:30,8.95,11,8.33,9.37,None
1709562600,2024-03-04 09:30,6.73,8.96,6.4,8.49,None
1709649000,2024-03-05 09:30,7.47,13.93,7.41,12.84,None
1709735400,2024-03-06 09:30,9.63,13.98,9.39,11.43,None
1709821800,2024-03-07 09:30,8.98,14.75,8.88,14.65,None
1709908200,2024-03-08 09:30,9.72,13.82,9.35,12.51,None
1710163800,2024-03-11 09:30,10.13,19.22,10.03,19.19,None
1710250200,2024-03-12 09:30,10.61,13.09,9.81,10.45,None
1710336600,2024-03-13 09:30,7.99,12.28,7.6,11.88,None
1710423000,2024-03-14 09:30,8.67,17.93,8.53,14.28,None
1710509400,2024-03-15 09:30,11.57,13.57,10.53,11.88,None
1710768600,2024-03-18 09:30,8.11,12.85,8.11,12.41,None
1710855000,2024-03-19 09:30,9.65,15.28,9.26,15,None
1710941400,2024-03-20 09:30,14.52,18.71,10.66,10.9,None
1711027800,2024-03-21 09:30,7.56,10.25,7.45,9.44,None
1711114200,2024-03-22 09:30,7.53,9.79,7.23,9.37,None
1711373400,2024-03-25 09:30,6.73,8.46,6.19,8.06,None
1711459800,2024-03-26 09:30,6.46,9.92,6.05,9.19,None
1711546200,2024-03-27 09:30,6.4,9.6,6.28,9.41,None
1711632600,2024-03-28 09:30,7.53,10.87,7.25,10.33,None
1711978200,2024-04-01 09:30,6.63,9.12,5.88,8.14,None
1712064600,2024-04-02 09:30,8.58,10.59,8.32,10.19,None
1712151000,2024-04-03 09:30,8.22,10.78,7.76,9.43,None
1712237400,2024-04-04 09:30,7.09,22.65,6.94,21.41,None
1712323800,2024-04-05 09:30,13.95,17.1,12.41,14.5,None
1712583000,2024-04-08 09:30,9.14,10.97,8.6,9.65,None
1712669400,2024-04-09 09:30,8.05,18.64,7.81,18.03,None
1712755800,2024-04-10 09:30,14.23,17.75,12.82,17.1,None
1712842200,2024-04-11 09:30,12.3,14.6,11.95,13.49,None
1712928600,2024-04-12 09:30,13.62,22.22,13.14,20.37,None
1713187800,2024-04-15 09:30,11.81,21.52,11.24,19.97,None
1713274200,2024-04-16 09:30,15.7,18.8,15.33,17.38,None
1713360600,2024-04-17 09:30,13.59,17.27,13.01,16.59,None
1713447000,2024-04-18 09:30,12.58,17.1,12.54,16.16,None
1713533400,2024-04-19 09:30,15.31,18.67,14.97,18.36,None
1713792600,2024-04-22 09:30,11.86,14.45,11.84,13.56,None
1713879000,2024-04-23 09:30,10.57,12.5,10.27,11.59,None
1713965400,2024-04-24 09:30,10.1,13.88,10.07,13.32,None
1714051800,2024-04-25 09:30,12.18,19.66,12.17,15.76,None
1714138200,2024-04-26 09:30,12.49,13.11,10.88,11.24,None
1714397400,2024-04-29 09:30,8.37,11.38,8.34,9.8,None
1714483800,2024-04-30 09:30,9.45,19.69,9.29,18.1,None
1714570200,2024-05-01 09:30,17.08,21.16,13.89,14.12,None
1714656600,2024-05-02 09:30,11.57,19.14,11.57,18.33,None
1714743000,2024-05-03 09:30,12.22,13.22,10.11,10.48,None
1715002200,2024-05-06 09:30,8.21,9.46,7.63,9.13,None
1715088600,2024-05-07 09:30,7.7,9.78,7.4,8.4,None
1715175000,2024-05-08 09:30,8.23,9.36,7.56,8.82,None
1715261400,2024-05-09 09:30,7.35,9.13,7.24,8.45,None
1715347800,2024-05-10 09:30,7.35,8.63,6.99,8.26,None
1715607000,2024-05-13 09:30,6.94,12.03,6.73,11.79,None
1715693400,2024-05-14 09:30,9.24,16.88,9.24,16.85,None
1715779800,2024-05-15 09:30,9.41,9.48,7.95,8.93,None
1715866200,2024-05-16 09:30,7.09,10.21,6.59,9.47,None
1715952600,2024-05-17 09:30,7.25,8.32,6.52,7.5,None
1716211800,2024-05-20 09:30,5.96,8.63,5.62,7.43,None
1716298200,2024-05-21 09:30,6.38,7.18,5.66,7.01,None
1716384600,2024-05-22 09:30,6.48,16.44,6.22,16.23,None
1716471000,2024-05-23 09:30,8.47,13.64,8.47,11.72,None
1716557400,2024-05-24 09:30,8.5,9.41,7.89,8.59,None
1716903000,2024-05-28 09:30,6.63,10,6.36,7.99,None
1716989400,2024-05-29 09:30,8.29,11.02,7.71,10.89,None
1717075800,2024-05-30 09:30,8.05,13.97,7.74,12.39,None
1717162200,2024-05-31 09:30,9.75,10.95,8.66,10.2,None
1717421400,2024-06-03 09:30,7.88,12.89,7.53,9.98,None
1717507800,2024-06-04 09:30,9.64,11.72,9.22,10.68,None
1717594200,2024-06-05 09:30,8.91,10.31,8.75,9.47,None
1717680600,2024-06-06 09:30,8.27,13.46,8.14,13.34,None
1717767000,2024-06-07 09:30,10.47,10.55,8.66,9.3,None
1718026200,2024-06-10 09:30,7.97,8.4,6.88,8.26,None
1718112600,2024-06-11 09:30,8.02,18.16,8.02,18.1,None
1718199000,2024-06-12 09:30,13.33,15.61,10.54,11.11,None
1718285400,2024-06-13 09:30,8.26,10.81,7.93,8.69,None
1718371800,2024-06-14 09:30,8.94,10.52,8.52,10.44,None
1718631000,2024-06-17 09:30,7.55,10.14,7.12,9.85,None
1718717400,2024-06-18 09:30,7.55,10.61,7.55,9.51,None
1718890200,2024-06-20 09:30,7.88,12.98,7.88,12.25,None
1718976600,2024-06-21 09:30,10.3,10.3,8.33,8.94,None
1719235800,2024-06-24 09:30,7.72,9.02,7.17,8.75,None
1719322200,2024-06-25 09:30,7.55,8.41,7.25,8.16,None
1719408600,2024-06-26 09:30,7.83,8.8,7.09,8.69,None
1719495000,2024-06-27 09:30,7.58,10.86,7.47,10.82,None
1719581400,2024-06-28 09:30,9.31,12.17,8.5,11.27,None
1719840600,2024-07-01 09:30,8.03,10.66,7.6,8.1,None
1719927000,2024-07-02 09:30,7.95,9.49,7.71,8.82,None
1720013400,2024-07-03 09:30,9.25,11.67,8.96,11.11,None
1720186200,2024-07-05 09:30,7.68,9.07,6.84,8.54,None
1720445400,2024-07-08 09:30,6.26,8.12,6.2,7.23,None
1720531800,2024-07-09 09:30,7.12,7.84,6.42,7.34,None
1720618200,2024-07-10 09:30,6.72,13.74,6.52,13.03,None
1720704600,2024-07-11 09:30,8.99,11.17,8.4,10.64,None
1720791000,2024-07-12 09:30,8.43,11,7.71,9.67,None
1721050200,2024-07-15 09:30,8.72,11.02,8.21,9.93,None
1721136600,2024-07-16 09:30,8.48,10.08,8.19,9.61,None
1721223000,2024-07-17 09:30,9.84,13.31,9.45,13.2,None
1721309400,2024-07-18 09:30,10.07,16.19,9.28,15.5,None
1721395800,2024-07-19 09:30,12.54,14.64,11.75,13.92,None
1721655000,2024-07-22 09:30,9.95,11.41,9.46,11.02,None
1721741400,2024-07-23 09:30,9.2,12.71,8.74,12.04,None
1721827800,2024-07-24 09:30,10.16,18.63,10.12,18.59,None
1721914200,2024-07-25 09:30,13.74,19,13.68,18.89,None
1722000600,2024-07-26 09:30,14.48,16.9,13.51,15.4,None
1722259800,2024-07-29 09:30,12.5,13.85,11.26,13.68,None
1722346200,2024-07-30 09:30,11.42,21.33,11.03,20.61,None
1722432600,2024-07-31 09:30,15.69,19.85,15.41,15.96,None
1722519000,2024-08-01 09:30,12.95,24.93,11.97,24.43,None
1722605400,2024-08-02 09:30,20.37,31.79,20.37,26.67,None
1722864600,2024-08-05 09:30,26.67,48.84,26.67,39.36,None
1722951000,2024-08-06 09:30,26.06,27.26,20.41,26.61,None
1723037400,2024-08-07 09:30,17.66,29.66,17.15,28.71,None
1723123800,2024-08-08 09:30,21.01,25.05,20.4,22.09,None
1723210200,2024-08-09 09:30,19.82,20.56,17.19,18.28,None
1723469400,2024-08-12 09:30,13.14,19.53,12.47,18.81,None
1723555800,2024-08-13 09:30,13.46,19.77,13.46,19.3,None
1723642200,2024-08-14 09:30,13.71,15.38,12.27,14.74,None
1723728600,2024-08-15 09:30,10.61,14.09,10.38,14.04,None
1723815000,2024-08-16 09:30,11.81,11.99,9.82,10.69,None
1724074200,2024-08-19 09:30,9.21,9.64,7.81,9.38,None
1724160600,2024-08-20 09:30,8.58,11.88,8.38,11.7,None
1724247000,2024-08-21 09:30,10.54,12.35,9.44,11.63,None
1724333400,2024-08-22 09:30,9.54,17.41,9.54,17.05,None
1724419800,2024-08-23 09:30,14.81,15.32,10.41,10.8,None
1724679000,2024-08-26 09:30,8.93,11.1,8.63,10.11,None
1724765400,2024-08-27 09:30,9.71,9.98,8.14,8.86,None
1724851800,2024-08-28 09:30,8.8,21.37,8.64,21.35,None
1724938200,2024-08-29 09:30,12.08,13.98,10.23,12.94,None
1725024600,2024-08-30 09:30,10.81,12.09,10.05,11.33,None
1725370200,2024-09-03 09:30,10.27,17.61,10.12,15.31,None
1725456600,2024-09-04 09:30,14.38,16.71,12.7,16.2,None
1725543000,2024-09-05 09:30,14.25,22.07,12.83,21.69,None
1725629400,2024-09-06 09:30,15.27,20.9,15.27,20.44,None
1725888600,2024-09-09 09:30,14.13,14.56,12.67,13.84,None
1725975000,2024-09-10 09:30,12.06,19.29,11.74,19.18,None
1726061400,2024-09-11 09:30,13.91,16.32,13.76,14.98,None
1726147800,2024-09-12 09:30,13.57,15.24,12.62,12.99,None
1726234200,2024-09-13 09:30,12.7,13.4,10.8,12.85,None
1726493400,2024-09-16 09:30,10.6,12.27,10.01,12.13,None
1726579800,2024-09-17 09:30,11.12,22.23,11.06,21.32,None
1726666200,2024-09-18 09:30,21.51,25.09,17.73,18.44,None
1726752600,2024-09-19 09:30,12.18,16.34,12,14.86,None
1726839000,2024-09-20 09:30,12.34,12.48,9.94,11.51,None
1727098200,2024-09-23 09:30,10,10.13,8.14,8.95,None
1727184600,2024-09-24 09:30,8.38,9.52,7.55,8.6,None
1727271000,2024-09-25 09:30,7.75,9.94,7.45,9.1,None
1727357400,2024-09-26 09:30,8.41,10.57,7.81,10.57,None
1727443800,2024-09-27 09:30,8.57,13.88,8.19,13.22,None
1727703000,2024-09-30 09:30,10.58,14.21,9.53,11.97,None
1727789400,2024-10-01 09:30,10.32,16.92,10.31,14.63,None
1727875800,2024-10-02 09:30,12.06,14.41,11.2,14.29,None
1727962200,2024-10-03 09:30,12.37,19.75,11.98,19.17,None
1728048600,2024-10-04 09:30,12.91,15.23,12.31,13.95,None
1728307800,2024-10-07 09:30,10.68,16.97,9.41,14.04,None
1728394200,2024-10-08 09:30,10.63,12.38,9.46,11.24,None
1728480600,2024-10-09 09:30,9.86,15.09,9.24,15.09,None
1728567000,2024-10-10 09:30,11.17,13.13,9.68,12.46,None
1728653400,2024-10-11 09:30,9.34,11.92,8.96,11.19,None
1728912600,2024-10-14 09:30,8.18,10.02,7.39,9.33,None
1728999000,2024-10-15 09:30,7.98,12.02,7.43,10.68,None
1729085400,2024-10-16 09:30,8.89,10.65,8.37,10.63,None
1729171800,2024-10-17 09:30,8.51,11.76,8.07,11.12,None
1729258200,2024-10-18 09:30,8.72,9.67,7.75,9.09,None
1729517400,2024-10-21 09:30,7.24,9.48,6.78,8.65,None
1729603800,2024-10-22 09:30,8.7,9.17,7.6,8.97,None
1729690200,2024-10-23 09:30,7.87,14.73,7.73,12.04,None
1729776600,2024-10-24 09:30,9.32,12.45,8.96,11.14,None
1729863000,2024-10-25 09:30,7.9,15.77,7.9,15.17,None
1730122200,2024-10-28 09:30,9.07,10.55,8.18,10.42,None
1730208600,2024-10-29 09:30,8.81,13.2,8.13,11.75,None
1730295000,2024-10-30 09:30,9.13,14.24,8.39,13.63,None
1730381400,2024-10-31 09:30,11.62,19.56,11.19,19.22,None
1730467800,2024-11-01 09:30,12.15,15.12,9.86,15.03,None
1730730600,2024-11-04 09:30,11.18,15.11,10.19,14.6,None
1730817000,2024-11-05 09:30,12.21,30.97,12.07,30.62,None
1730903400,2024-11-06 09:30,14.63,16.01,12.14,14.87,None
1730989800,2024-11-07 09:30,12.6,13.76,11.17,11.48,None
1731076200,2024-11-08 09:30,8.1,9.84,7.43,9.44,None
1731335400,2024-11-11 09:30,7.5,9.69,6.91,9.39,None
1731421800,2024-11-12 09:30,8.07,11.92,7.46,11.57,None
1731508200,2024-11-13 09:30,8.65,10.35,7.54,9.62,None
1731594600,2024-11-14 09:30,8.07,12.66,7.64,11.97,None
1731681000,2024-11-15 09:30,9.36,14.12,8.96,13.4,None
1731940200,2024-11-18 09:30,9.64,10.34,8.11,10.26,None
1732026600,2024-11-19 09:30,11.37,11.8,8.85,11.64,None
1732113000,2024-11-20 09:30,9.85,19.49,9.38,19.11,None
1732199400,2024-11-21 09:30,11.01,14.19,10.53,13.84,None
1732285800,2024-11-22 09:30,10.86,11.19,9.23,9.93,None
1732545000,2024-11-25 09:30,7.77,10.15,7.16,8.64,None
1732631400,2024-11-26 09:30,8.16,9.11,6.96,8.64,None
1732717800,2024-11-27 09:30,7.94,12.42,7.4,11.45,None
1732890600,2024-11-29 09:30,9.39,9.57,8.14,8.64,None
1733149800,2024-12-02 09:30,6.76,7.47,5.96,7.32,None
1733236200,2024-12-03 09:30,7.04,8.47,6.12,8.31,None
1733322600,2024-12-04 09:30,6.73,8.69,6.01,8.03,None
1733409000,2024-12-05 09:30,6.17,11.27,5.88,11.16,None
1733495400,2024-12-06 09:30,6.91,7.61,5.87,7.31,None
1733754600,2024-12-09 09:30,5.85,8.28,5.02,7.75,None
1733841000,2024-12-10 09:30,6.15,10.4,5.74,10,None
1733927400,2024-12-11 09:30,6.73,7.89,5.75,7.63,None
1734013800,2024-12-12 09:30,5.6,9.09,5.59,8.71,None
1734100200,2024-12-13 09:30,5.96,8.75,5.67,8.62,None
1734359400,2024-12-16 09:30,5.67,9.11,5.31,8.94,None
1734445800,2024-12-17 09:30,7.14,13.6,6.91,13.29,None
1734532200,2024-12-18 09:30,11.57,46.59,10.87,45.75,None
1734618600,2024-12-19 09:30,15.67,26.35,15.26,23.31,None
1734705000,2024-12-20 09:30,16.93,18.08,14.45,17.37,None
1734964200,2024-12-23 09:30,11.41,15.51,11.12,13.44,None
1735050600,2024-12-24 09:30,11.71,11.79,8.86,8.86,None
1735223400,2024-12-26 09:30,9.09,10.21,8.26,9.59,None
1735309800,2024-12-27 09:30,9.37,15.57,9.24,13.67,None
1735569000,2024-12-30 09:30,14.06,17,13.2,16.56,None
1735655400,2024-12-31 09:30,14.43,16.05,13.33,15.3,None
1735828200,2025-01-02 09:30,12.83,17.23,11.75,15.43,None
1735914600,2025-01-03 09:30,12.67,13.51,10.97,11.59,None
1736173800,2025-01-06 09:30,10.19,12.74,8.3,11.42,None
1736260200,2025-01-07 09:30,10.02,16.4,9.78,14.25,None
1736346600,2025-01-08 09:30,15.15,18.81,14.35,18.67,None
1736519400,2025-01-10 09:30,15.9,17.19,13.53,16.41,None
1736778600,2025-01-13 09:30,15.06,17.06,13.24,16.82,None
1736865000,2025-01-14 09:30,14.48,22.89,13.35,22.48,None
1736951400,2025-01-15 09:30,13.67,14.05,11.61,13.63,None
1737037800,2025-01-16 09:30,11.37,14.41,10.62,14.35,None
1737124200,2025-01-17 09:30,11.43,14.97,10.02,14.89,None
1737469800,2025-01-21 09:30,10.81,11.01,9,10.46,None
1737556200,2025-01-22 09:30,7.93,10.16,7.48,9.58,None
1737642600,2025-01-23 09:30,7.78,9.46,7.15,9.26,None
1737729000,2025-01-24 09:30,7.83,9.7,7.03,9.01,None
1737988200,2025-01-27 09:30,15.04,15.31,11.71,14.74,None
1738074600,2025-01-28 09:30,11.72,13.7,10.5,13.53,None
1738161000,2025-01-29 09:30,12.47,21.06,12.21,16.13,None
1738247400,2025-01-30 09:30,10.49,16.32,9.63,14.72,None
1738333800,2025-01-31 09:30,10.18,19.29,9.27,16.51,None
1738593000,2025-02-03 09:30,14.91,18.6,14.41,18.25,None
1738679400,2025-02-04 09:30,13.48,15.73,11.35,14.99,None
1738765800,2025-02-05 09:30,10.56,12.02,9.84,11.08,None
1738852200,2025-02-06 09:30,8.76,16.19,8.71,15.75,None
1738938600,2025-02-07 09:30,9.86,16.96,9.29,16.15,None
1739197800,2025-02-10 09:30,9.54,12.11,8.92,11.29,None
1739284200,2025-02-11 09:30,9.86,14.08,9.25,14.07,None
1739370600,2025-02-12 09:30,11.85,12.78,9.93,12.75,None
1739457000,2025-02-13 09:30,10.16,13.28,9.12,10.98,None
1739543400,2025-02-14 09:30,9.23,12.03,8.62,11.82,None
1739889000,2025-02-18 09:30,8.41,10.41,7.86,9.31,None
1739975400,2025-02-19 09:30,7.94,9.87,7.24,9.32,None
1740061800,2025-02-20 09:30,7.17,12.12,6.97,11.2,None
1740148200,2025-02-21 09:30,9.13,19.04,8.86,18.16,None
1740407400,2025-02-24 09:30,11.26,15.77,10.6,15.1,None
1740493800,2025-02-25 09:30,13.17,15.4,12.56,14.62,None
1740580200,2025-02-26 09:30,13.21,20.98,11.8,20.49,None
1740666600,2025-02-27 09:30,14.12,20.41,13.63,19.54,None
1740753000,2025-02-28 09:30,17.54,22.2,15.33,18.67,None
1741012200,2025-03-03 09:30,14.51,26.05,13.86,21.75,None
1741098600,2025-03-04 09:30,21.25,26.45,20.19,24.63,None
1741185000,2025-03-05 09:30,23.28,24.28,21.69,22.11,None
1741271400,2025-03-06 09:30,21,32.87,21,31.13,None
1741357800,2025-03-07 09:30,25.12,27.18,22.89,24.66,None
1741613400,2025-03-10 09:30,22.21,32.47,22.02,28.65,None
1741699800,2025-03-11 09:30,25.02,31.47,23.82,30.12,None
1741786200,2025-03-12 09:30,22.91,24.51,21.63,23.19,None
1741872600,2025-03-13 09:30,20.15,25.51,19.26,23.38,None
1741959000,2025-03-14 09:30,19.57,21.81,17.34,21.42,None
1742218200,2025-03-17 09:30,16.52,16.52,14.08,16.35,None
1742304600,2025-03-18 09:30,15.71,22.19,15.71,22.09,None
1742391000,2025-03-19 09:30,19.27,26.05,17.83,18.49,None
1742477400,2025-03-20 09:30,17.88,19.54,14.65,18.58,None
1742563800,2025-03-21 09:30,18.04,18.91,15.32,16.66,None
1742823000,2025-03-24 09:30,13.14,13.36,10.8,12.99,None
1742909400,2025-03-25 09:30,10.83,12.28,9.34,12.23,None
1742995800,2025-03-26 09:30,10.12,17.52,9.16,16.08,None
1743082200,2025-03-27 09:30,14.25,17.26,12.61,17.06,None
1743168600,2025-03-28 09:30,15.71,25.82,15.6,25.42,None
1743427800,2025-03-31 09:30,20.87,22.71,18.08,21.81,None
1743514200,2025-04-01 09:30,18.63,21.17,16.79,20.06,None
1743600600,2025-04-02 09:30,18.45,31.3,18.14,26.68,None
1743687000,2025-04-03 09:30,25.35,33.92,24.45,33.83,None
1743773400,2025-04-04 09:30,37.61,82.48,36.98,81.89,None
1744032600,2025-04-07 09:30,60.35,79.89,58.79,66.51,None
1744119000,2025-04-08 09:30,45.89,82.16,37.86,73.57,None
1744205400,2025-04-09 09:30,65.15,72.37,44.33,50.16,None
1744291800,2025-04-10 09:30,44.26,74.29,42.14,56.2,None
1744378200,2025-04-11 09:30,51.4,58.51,49.82,54.19,None
1744637400,2025-04-14 09:30,28.04,33.58,25.08,28.51,None
1744723800,2025-04-15 09:30,21.32,26.23,20.09,26.03,None
1744810200,2025-04-16 09:30,25.41,40.89,22.85,34.97,None
1744896600,2025-04-17 09:30,24.04,33.09,23.31,31.35,None
1745242200,2025-04-21 09:30,22.39,31.19,21.99,30.65,None
1745328600,2025-04-22 09:30,22.05,29.66,20.2,29.09,None
1745415000,2025-04-23 09:30,23.03,32.62,22.82,30.4,None
1745501400,2025-04-24 09:30,22.77,27.6,21.99,25.69,None
1745587800,2025-04-25 09:30,22.43,24.85,19.47,23.59,None
1745847000,2025-04-28 09:30,17.4,21.57,15.96,21.36,None
1745933400,2025-04-29 09:30,19.15,22.55,16.84,22.12,None
1746019800,2025-04-30 09:30,22.46,25.29,20.74,22.91,None
1746106200,2025-05-01 09:30,19.5,28.03,18.27,27.52,None
1746192600,2025-05-02 09:30,16.55,20.34,15.46,19.98,None
1746451800,2025-05-05 09:30,15.46,16.95,12.89,16.68,None
1746538200,2025-05-06 09:30,14.72,22.4,14.02,22.19,None
1746624600,2025-05-07 09:30,20.52,26.83,18.32,19.79,None
1746711000,2025-05-08 09:30,17.17,19.11,15.72,18.12,None
1746797400,2025-05-09 09:30,14.36,26.86,14,26.85,None
1747056600,2025-05-12 09:30,16.12,18.74,14.33,18.73,None
1747143000,2025-05-13 09:30,12.15,15.49,11.15,15.41,None
1747229400,2025-05-14 09:30,11.69,16.07,11.46,15.21,None
1747315800,2025-05-15 09:30,11.82,15.51,11.11,15.07,None
1747402200,2025-05-16 09:30,11.83,14.04,10.35,13.39,None
1747661400,2025-05-19 09:30,12.46,14.12,11.53,13.46,None
1747747800,2025-05-20 09:30,10.53,14.39,10.1,13.74,None
1747834200,2025-05-21 09:30,12.27,19.02,10.72,18.07,None
1747920600,2025-05-22 09:30,14.58,16.69,13.67,16.55,None
1748007000,2025-05-23 09:30,19.37,21.96,16.35,21.73,None
1748352600,2025-05-27 09:30,12.24,13.4,9.81,13.14,None
1748439000,2025-05-28 09:30,10.86,19.8,10.59,19.49,None
1748525400,2025-05-29 09:30,14.53,18.52,14.13,17.41,None
1748611800,2025-05-30 09:30,14.46,19.07,12.97,16.95,None
1748871000,2025-06-02 09:30,12.35,13.52,11.23,13.26,None
1748957400,2025-06-03 09:30,10.2,12.15,9.64,12.05,None
1749043800,2025-06-04 09:30,10.12,12.37,9.52,12.15,None
1749130200,2025-06-05 09:30,12.46,20.33,11.92,19.05,None
1749216600,2025-06-06 09:30,10.7,15.2,10.39,14.32,None
1749475800,2025-06-09 09:30,10.31,12.54,9.06,12.28,None
1749562200,2025-06-10 09:30,9.7,15.97,9.34,15.95,None
1749648600,2025-06-11 09:30,10.12,16.18,9.06,13.89,None
1749735000,2025-06-12 09:30,10.64,13.46,9.99,12.71,None
1749821400,2025-06-13 09:30,13.48,23.88,12.82,21.67,None
1750080600,2025-06-16 09:30,10.16,13.6,9.3,12.73,None
1750167000,2025-06-17 09:30,10.57,21.19,9.87,21.03,None
1750253400,2025-06-18 09:30,14.96,23.7,14.54,22.13,None
1750426200,2025-06-20 09:30,11.5,18.84,10.93,18.41,None
1750685400,2025-06-23 09:30,11.17,16.42,10.31,13.45,None
1750771800,2025-06-24 09:30,9.86,11.58,9.16,11.18,None
1750858200,2025-06-25 09:30,7.96,10.77,7.93,10.42,None
1750944600,2025-06-26 09:30,7.59,11.08,7.51,11.08,None
1751031000,2025-06-27 09:30,7.96,15.17,7.93,12.19,None
1751290200,2025-06-30 09:30,8.92,11.6,8.85,10.17,None
1751376600,2025-07-01 09:30,8.66,10.31,7.58,9.68,None
1751463000,2025-07-02 09:30,8.41,16.24,8.4,16.14,None
1751549400,2025-07-03 09:30,11.64,14.92,11.48,14.64,None
1751895000,2025-07-07 09:30,8.49,13.32,8.15,11.76,None
1751981400,2025-07-08 09:30,8.07,10.56,7.85,10.53,None
1752067800,2025-07-09 09:30,7.28,9.66,7.24,9.64,None
1752154200,2025-07-10 09:30,7.53,9.8,7.42,9.49,None
1752240600,2025-07-11 09:30,8.95,12.48,8.41,12.47,None
1752499800,2025-07-14 09:30,7.48,12.48,7.38,12.45,None
1752586200,2025-07-15 09:30,7.38,12.27,7.29,12.2,None
1752672600,2025-07-16 09:30,7.78,15.32,7.78,10.94,None
1752759000,2025-07-17 09:30,7.7,11.05,7.62,10.77,None
1752845400,2025-07-18 09:30,8.05,10.33,7.46,9.85,None
1753104600,2025-07-21 09:30,6.55,9.49,6.27,8.85,None
1753191000,2025-07-22 09:30,7.07,9.13,6.93,8.41,None
1753277400,2025-07-23 09:30,6.97,10.68,6.94,10.01,None
1753363800,2025-07-24 09:30,6.88,10.18,6.82,10.03,None
1753450200,2025-07-25 09:30,6.84,9.19,6.8,8.9,None
1753709400,2025-07-28 09:30,6.63,8.68,6.45,7.93,None
1753795800,2025-07-29 09:30,6.16,12.78,6.16,12.67,None
1753882200,2025-07-30 09:30,10.42,17.87,9.85,13.83,None
1753968600,2025-07-31 09:30,9.69,19.04,9.22,16.83,None
1754055000,2025-08-01 09:30,14.08,21.15,14.06,20.01,None
1754314200,2025-08-04 09:30,9.84,11.96,9.4,11.15,None
1754400600,2025-08-05 09:30,9.21,12.6,8.68,12.31,None
1754487000,2025-08-06 09:30,9.75,11.46,8.83,11.36,None
1754573400,2025-08-07 09:30,8.88,13.89,8.63,12.47,None
1754659800,2025-08-08 09:30,8.46,11.19,8.38,10.86,None
1754919000,2025-08-11 09:30,8.4,15.93,8.22,15.93,None
1755005400,2025-08-12 09:30,8.94,10.86,8.05,9.46,None
1755091800,2025-08-13 09:30,6.92,10.11,6.91,10.11,None
1755178200,2025-08-14 09:30,9.22,12.08,8.53,11.95,None
1755264600,2025-08-15 09:30,8.45,12.28,8.27,11.79,None
1755523800,2025-08-18 09:30,7.36,8.25,6.52,7.85,None
1755610200,2025-08-19 09:30,6.34,10.64,6.18,10.16,None
1755696600,2025-08-20 09:30,8.08,11.83,8.07,10.9,None
1755783000,2025-08-21 09:30,10.31,18.51,10.21,18.24,None
1755869400,2025-08-22 09:30,15.93,16.73,9.15,9.47,None
1756128600,2025-08-25 09:30,7.03,8.2,6.32,8.06,None
1756215000,2025-08-26 09:30,7.26,8.26,6.11,7.77,None
1756301400,2025-08-27 09:30,7.01,15.35,6.76,15.07,None
1756387800,2025-08-28 09:30,7.68,10.94,7.45,10.94,None
1756474200,2025-08-29 09:30,8.13,12.84,7.9,11.55,None
1756819800,2025-09-02 09:30,11.99,12.34,9.85,11.42,None
1756906200,2025-09-03 09:30,8.7,11.1,7.57,10.06,None
1756992600,2025-09-04 09:30,7.97,13.78,7.78,13.74,None
1757079000,2025-09-05 09:30,9.17,13.59,8.44,10.01,None
1757338200,2025-09-08 09:30,7.28,9.12,6.67,8.3,None
1757424600,2025-09-09 09:30,8.09,9.34,6.95,8.93,None
1757511000,2025-09-10 09:30,7.54,13.68,7.23,13.38,None
1757597400,2025-09-11 09:30,8.15,10.17,7.83,10.07,None
1757683800,2025-09-12 09:30,7.17,11.79,6.63,11.54,None
1757943000,2025-09-15 09:30,6.36,10.25,6.24,8.99,None
1758029400,2025-09-16 09:30,7.1,16.27,6.92,16.18,None
1758115800,2025-09-17 09:30,14.32,22.93,13.74,14.77,None
1758202200,2025-09-18 09:30,10.22,15.08,9.23,14.38,None
1758288600,2025-09-19 09:30,9.35,11.71,8.04,10.65,None
1758547800,2025-09-22 09:30,6.84,9.92,6.23,9.15,None
1758634200,2025-09-23 09:30,6.41,12.48,6.38,9.68,None
1758720600,2025-09-24 09:30,6.89,10.12,6.85,9.41,None
1758807000,2025-09-25 09:30,9.67,13.05,9.1,12.35,None
1758893400,2025-09-26 09:30,9.38,11.2,8.91,10.31,None
1759152600,2025-09-29 09:30,7.59,11.11,6.99,10.23,None
1759239000,2025-09-30 09:30,8.36,12.02,7.99,12.02,None
1759325400,2025-10-01 09:30,9.47,10.85,7.97,10.32,None
1759411800,2025-10-02 09:30,7.19,11.2,7.02,10.91,None
1759498200,2025-10-03 09:30,7.82,13.54,7.62,11.88,None
1759757400,2025-10-06 09:30,7.07,9,6.8,8.41,None
1759843800,2025-10-07 09:30,6.72,11.63,6.35,11.3,None
1759930200,2025-10-08 09:30,7.76,10.27,7.46,9.99,None
1760016600,2025-10-09 09:30,6.83,12.25,6.83,11.33,None
1760103000,2025-10-10 09:30,8.19,29.34,7.83,25.71,None
1760362200,2025-10-13 09:30,14.05,15.33,12.63,14.64,None
1760448600,2025-10-14 09:30,15.67,20.64,13.55,17.69,None
1760535000,2025-10-15 09:30,11.32,21.89,11.02,17.08,None
1760621400,2025-10-16 09:30,12.43,24.86,12.2,23.77,None
1760707800,2025-10-17 09:30,19.37,21.31,17.89,17.89,None
1760967000,2025-10-20 09:30,11.1,11.81,9.48,10.94,None
1761053400,2025-10-21 09:30,8.93,12.22,8.29,11.68,None
1761139800,2025-10-22 09:30,9.88,17.31,9.14,13.07,None
1761226200,2025-10-23 09:30,10.84,13.95,10.16,13.8,None
1761312600,2025-10-24 09:30,9.71,14.96,9.61,14.53,None
1761571800,2025-10-27 09:30,7.44,9.69,7.44,8.94,None
1761658200,2025-10-28 09:30,7.78,12.59,7.65,12.36,None
1761744600,2025-10-29 09:30,11.58,20.85,11.33,15.16,None
1761831000,2025-10-30 09:30,12.57,16.2,11.77,14.21,None
1761917400,2025-10-31 09:30,10.62,15.89,10.62,13.77,None
1762180200,2025-11-03 09:30,9.19,12.2,9.06,10,None
1762266600,2025-11-04 09:30,12.3,15.32,9.97,15.23,None
1762353000,2025-11-05 09:30,11.67,13.11,9.68,13.07,None
1762439400,2025-11-06 09:30,11.13,16.36,10.68,15.95,None
1762525800,2025-11-07 09:30,14.99,18.45,14.29,16.78,None
1762785000,2025-11-10 09:30,10.27,12.17,9.08,11.21,None
1762871400,2025-11-11 09:30,9.07,10.98,8.21,10.76,None
1762957800,2025-11-12 09:30,8.65,12.26,8.4,12.06,None
1763044200,2025-11-13 09:30,11.32,19.57,10.67,17.05,None
1763130600,2025-11-14 09:30,17.85,19.22,14.83,18.5,None
1763389800,2025-11-17 09:30,15.42,20.89,12.61,19.4,None
1763476200,2025-11-18 09:30,16.5,21.15,16.5,20.92,None
1763562600,2025-11-19 09:30,15.85,27.44,14.33,26.9,None
1763649000,2025-11-20 09:30,14.12,32.84,12.9,29.17,None
1763735400,2025-11-21 09:30,22.49,24.27,20.27,23.32,None
1763994600,2025-11-24 09:30,15.3,16.41,12.64,14.29,None
1764081000,2025-11-25 09:30,12.55,16.29,10.92,11.74,None
1764167400,2025-11-26 09:30,9.85,15.22,9.85,14.72,None
1764340200,2025-11-28 09:30,14.72,14.72,10.59,11.08,None
1764599400,2025-12-01 09:30,11.52,11.88,9.05,11.74,None
1764685800,2025-12-02 09:30,9.13,11.64,8.3,10.48,None
1764772200,2025-12-03 09:30,11.66,11.94,8.66,9.84,None
1764858600,2025-12-04 09:30,8.73,11.66,8.49,10.34,None
1764945000,2025-12-05 09:30,9.36,10.42,8.2,9.92,None
1765204200,2025-12-08 09:30,8.37,10.66,7.91,9.39,None
1765290600,2025-12-09 09:30,9.06,13.84,8.26,13.7,None
1765377000,2025-12-10 09:30,13.86,18.69,11.66,11.69,None
1765463400,2025-12-11 09:30,10.27,11.23,9.22,10.7,None
1765549800,2025-12-12 09:30,8.81,15.53,8.24,12.42,None
1765809000,2025-12-15 09:30,9.04,13.15,8.58,12.89,None
1765895400,2025-12-16 09:30,11.35,12.67,10.1,11.95,None
1765981800,2025-12-17 09:30,10.79,17.7,10.58,16.93,None
1766068200,2025-12-18 09:30,11.82,16.15,10.62,15.78,None
1766154600,2025-12-19 09:30,11.61,11.67,9.55,10.35,None
1766413800,2025-12-22 09:30,7.93,8.13,6.52,7.68,None
1766500200,2025-12-23 09:30,7.1,7.6,5.61,7.58,None
1766586600,2025-12-24 09:30,7.59,7.59,6.03,7.39,None
1766759400,2025-12-26 09:30,6.46,7.86,5.55,7.72,None
1767018600,2025-12-29 09:30,7.79,8.99,6.31,8.83,None
1767105000,2025-12-30 09:30,7.56,10.24,6.48,10.12,None
1767191400,2025-12-31 09:30,7.64,11.19,7.21,10.72,None
1767364200,2026-01-02 09:30,7.59,10.47,7.13,9.89,None
1767623400,2026-01-05 09:30,7.98,8.7,6.69,8.34,None
1767709800,2026-01-06 09:30,7.1,8.14,6.11,7.97,None
1767796200,2026-01-07 09:30,7.26,9.65,6.11,9.21,None
1767882600,2026-01-08 09:30,8.31,13.93,7.88,13.64,None
1767969000,2026-01-09 09:30,11.39,12.15,7.35,8.49,None
1768228200,2026-01-12 09:30,8.33,9.76,7.24,9.57,None
1768314600,2026-01-13 09:30,7.28,12.3,7.05,10.77,None
1768401000,2026-01-14 09:30,10.36,12.38,8.87,11.8,None
1768487400,2026-01-15 09:30,8.26,11.71,7.61,10.62,None
1768573800,2026-01-16 09:30,8.05,12.42,7.28,12.31,None
1768919400,2026-01-20 09:30,14.62,17.61,10.93,16.8,None
1769005800,2026-01-21 09:30,12.68,14.3,9.43,12.23,None
1769092200,2026-01-22 09:30,8.7,11.75,8.67,10.95,None
1769178600,2026-01-23 09:30,9.28,13.71,8.13,13.66,None
1769437800,2026-01-26 09:30,8.62,9.31,7.43,8.98,None
1769524200,2026-01-27 09:30,7.28,10.79,7.09,10.61,None
1769610600,2026-01-28 09:30,9.53,15.41,9.48,13.24,None
1769697000,2026-01-29 09:30,9.67,15.47,9.59,13.72,None
1769783400,2026-01-30 09:30,12.71,17.85,11.25,16.4,None
1770042600,2026-02-02 09:30,11.72,12,8.2,9.48,None
1770129000,2026-02-03 09:30,7.88,17.77,7.83,14.46,None
1770215400,2026-02-04 09:30,12.41,20.02,12.29,17.5,None
1770301800,2026-02-05 09:30,19.58,23.09,16.87,22.15,None
1770388200,2026-02-06 09:30,16.59,16.59,12.04,14.98,None
1770647400,2026-02-09 09:30,12.73,12.78,8.27,10.64,None
1770733800,2026-02-10 09:30,9.03,13.98,8.73,13.64,None
1770820200,2026-02-11 09:30,9.11,13.37,8.94,12.15,None
1770906600,2026-02-12 09:30,9.51,22.42,9.16,21.51,None
1770993000,2026-02-13 09:30,17.55,23.97,15.64,22.43,None
1771338600,2026-02-17 09:30,15.47,16.74,13.79,16.16,None
1771425000,2026-02-18 09:30,14.64,16.03,9.83,14.58,None
1771511400,2026-02-19 09:30,13.64,18.05,12.47,16.62,None
1771597800,2026-02-20 09:30,15.95,18.02,12.24,17.78,None
1771857000,2026-02-23 09:30,11.71,16.18,11.38,15.07,None
1771943400,2026-02-24 09:30,14.15,14.97,9.75,12.71,None
1772029800,2026-02-25 09:30,9.64,16.4,9.14,16.09,None
1772116200,2026-02-26 09:30,12.08,15.87,11.62,13.68,None
1772202600,2026-02-27 09:30,15.55,20.7,13.28,19.05,None
1772461800,2026-03-02 09:30,17.29,17.52,12.39,16.34,None
1772548200,2026-03-03 09:30,17.73,20.3,16.03,20.3,None
1772634600,2026-03-04 09:30,15.08,18.18,11.72,17.83,None
1772721000,2026-03-05 09:30,14.88,22.75,12.53,21.88,None
1772807400,2026-03-06 09:30,21.32,33.1,17.91,32.65,None
1773063000,2026-03-09 09:30,20.49,24.21,16.8,22.68,None
1773149400,2026-03-10 09:30,15.07,23.14,13.85,21.29,None
1773235800,2026-03-11 09:30,14.93,20.36,14.14,18.99,None
1773322200,2026-03-12 09:30,16.28,24.54,15.21,24.21,None
1773408600,2026-03-13 09:30,16.41,30.47,15.19,30.24,None
1773667800,2026-03-16 09:30,15.23,17.89,12.82,17.42,None
1773754200,2026-03-17 09:30,12.24,17.91,11.25,17.55,None
1773840600,2026-03-18 09:30,15.73,22.47,14.72,22.13,None
1773927000,2026-03-19 09:30,19.04,21.76,15.25,20.72,None
1774013400,2026-03-20 09:30,15.91,31.79,14.51,28.94,None
1774272600,2026-03-23 09:30,20.37,23.27,15.41,23.17,None
1774359000,2026-03-24 09:30,16.84,21,14.88,20.73,None
1774445400,2026-03-25 09:30,14.9,19.68,14.21,19.08,None
1774531800,2026-03-26 09:30,15.05,24.41,14.44,23.91,None
1774618200,2026-03-27 09:30,17.75,34.58,17.19,34.3,None
1774877400,2026-03-30 09:30,16.49,23.39,15.6,23.02,None
1774963800,2026-03-31 09:30,16.77,23.88,16.22,19.03,None
1775050200,2026-04-01 09:30,14.26,23.85,14.2,22.95,None
1775136600,2026-04-02 09:30,16.86,29.87,16.26,27.59,None
1775482200,2026-04-06 09:30,15.17,18.2,13.52,18.1,None
1775568600,2026-04-07 09:30,15.92,33.66,15.26,31.85,None
1775655000,2026-04-08 09:30,13.89,18.61,12.7,16.48,None
1775741400,2026-04-09 09:30,10.89,14.59,10.17,14.07,None
1775827800,2026-04-10 09:30,9.85,20.38,9.61,19.07,None
1776087000,2026-04-13 09:30,11.32,12.72,10.36,11.77,None
1776173400,2026-04-14 09:30,8.28,13.22,8.19,12.5,None
1776259800,2026-04-15 09:30,8.54,13.28,8.54,12.65,None
1776346200,2026-04-16 09:30,9.2,13.61,8.89,12.02,None
1776432600,2026-04-17 09:30,10.28,15.75,10.28,14.24,None
1776691800,2026-04-20 09:30,10.48,13.09,9.86,12.13,None
1776778200,2026-04-21 09:30,10.21,18.9,9.24,16.2,None
1776864600,2026-04-22 09:30,10.35,12.59,9.63,12.28,None
1776951000,2026-04-23 09:30,10.19,20.75,9.09,14.82,None
1777037400,2026-04-24 09:30,11.33,17.63,10.63,16.62,None
1777296600,2026-04-27 09:30,9.35,11.3,8.7,10.57,None
1777383000,2026-04-28 09:30,10.43,11.95,9.46,11.66,None
1777469400,2026-04-29 09:30,11.23,19.83,10.89,18.15,None
1777555800,2026-04-30 09:30,11.35,12.6,10.37,11.58,None
1777642200,2026-05-01 09:30,7.93,13.71,7.83,13.71,None
1777901400,2026-05-04 09:30,9.6,14.55,7.87,12.7,None
1777987800,2026-05-05 09:30,8,11.22,7.65,10.75,None
1778074200,2026-05-06 09:30,8.75,11.99,8.16,11.66,None
1778160600,2026-05-07 09:30,8.74,13.92,8.47,12.38,None
1778247000,2026-05-08 09:30,9.12,13.86,8.83,12.7,None
1778506200,2026-05-11 09:30,8.09,12.23,7.8,11.52,None
1778592600,2026-05-12 09:30,9.01,11.34,8.81,10.85,None
1778679000,2026-05-13 09:30,8.69,11.94,8.67,11.54,None
1778765400,2026-05-14 09:30,9.19,12.29,9.18,11.8,None
1778851800,2026-05-15 09:30,12.33,17.08,11.82,16.75,None
1779111000,2026-05-18 09:30,10.51,27.77,9.44,13.1,None
1779197400,2026-05-19 09:30,11.85,13.49,11.38,13.3,None
1779283800,2026-05-20 09:30,10.91,16.3,10.25,16.21,None
1779370200,2026-05-21 09:30,12.88,15.14,11.67,14.02,None
1779456600,2026-05-22 09:30,11.07,18.12,10.76,17.42,None
1779802200,2026-05-26 09:30,9.49,11.4,8.52,11.13,None
1779888600,2026-05-27 09:30,8.77,10.33,8.62,10.07,None
1779975000,2026-05-28 09:30,8.66,10.91,8.04,10.86,None
1780061400,2026-05-29 09:30,8.4,13.09,8.35,12.44,None
1780320600,2026-06-01 09:30,10.08,10.08,7.9,9.6,None
1780407000,2026-06-02 09:30,7.88,9.14,7.21,8.88,None
1780493400,2026-06-03 09:30,7.51,11.62,7.26,11.48,None
1780579800,2026-06-04 09:30,9.36,10.62,8.21,10.59,None
1780666200,2026-06-05 09:30,9.44,28.83,9.21,28.7,None
1780925400,2026-06-08 09:30,13.08,16.07,11.33,16.02,None
1781011800,2026-06-09 09:30,9.93,26.85,9.55,20.6,None
1781098200,2026-06-10 09:30,18.34,24.32,16.25,23.85,None
1781184600,2026-06-11 09:30,18.77,21.41,17.23,21.09,None
1781271000,2026-06-12 09:30,17.78,20.71,16.73,19.12,None
1781530200,2026-06-15 09:30,10.6,13.12,9.21,12.92,None
1781616600,2026-06-16 09:30,9.47,16.39,8.57,16.09,None
1781703000,2026-06-17 09:30,13.77,23.21,12.91,20.68,None
1781789400,2026-06-18 09:30,12.17,16.39,11.73,15.68,None
1782135000,2026-06-22 09:30,9.85,13.4,8.21,12.42,None
1782221400,2026-06-23 09:30,16.29,17.06,12.88,16.67,None
1782307800,2026-06-24 09:30,12.98,19.23,11.21,16.68,None
1782394200,2026-06-25 09:30,12.08,17.42,12.08,15.97,None
1782480600,2026-06-26 09:30,15.65,18.06,13.25,17.56,None
1782739800,2026-06-29 09:30,12.26,15.24,10.37,13.56,None
1782826200,2026-06-30 09:30,11.95,12.02,9.45,11.61,None
1782912600,2026-07-01 09:30,10.9,13.26,8.57,13.02,None
1782999000,2026-07-02 09:30,10.24,14.83,8.49,13.22,None
1783344600,2026-07-06 09:30,9.05,9.68,6.95,8.73,None
1783431000,2026-07-07 09:30,8.35,11.54,8.03,10.66,None
1783517400,2026-07-08 09:30,11.78,12.8,10.68,12.68,None
1783603800,2026-07-09 09:30,10.45,10.87,8.47,10.13,None
1783690200,2026-07-10 09:30,8.74,12.17,7.67,9.9,None
1783949400,2026-07-13 09:30,8.58,14.68,7.69,14.63,None
1784035800,2026-07-14 09:30,10.62,11.1,8.35,10.57,None
1784122200,2026-07-15 09:30,7.81,10.08,7.04,9.51,None
1784208600,2026-07-16 09:30,8.58,13.99,7.78,12.72,None
1784295000,2026-07-17 09:30,13.16,16.79,10.87,16.69,None
1784554200,2026-07-20 09:30,9.11,13.55,8.14,13.43,None
1784640600,2026-07-21 09:30,8.96,10.26,8.27,10.14,None
1784727000,2026-07-22 09:30,8.6,12.5,7.97,11.39,None
1784813400,2026-07-23 09:30,12.43,16.59,10.98,14.71,None
1784899800,2026-07-24 09:30,11.1,16.55,9.71,15.43,None
1785159000,2026-07-27 09:30,8.76,14.22,8,13.09,None
1785245400,2026-07-28 09:30,11.04,15.97,10.77,15.77,None
1785331800,2026-07-29 09:30,15.93,21.51,15.41,19.45,None
1785418200,2026-07-30 09:30,12.47,15,11.62,14.14,None
1785504600,2026-07-31 09:30,10.02,14.38,9.82,12.29,None
1785763800,2026-08-03 09:30,9.25,9.66,6.75,9.43,None
1785850200,2026-08-04 09:30,7.99,14.59,7.99,13.86,None
1785936600,2026-08-05 09:30,14.05,14.62,11.31,12.12,None
1786023000,2026-08-06 09:30,10.11,12.84,9.15,12.55,None
1786109400,2026-08-07 09:30,10.4,11.66,8.87,11.36,None
1786368600,2026-08-10 09:30,8.04,9.4,6.7,9.34,None
1786455000,2026-08-11 09:30,7.52,12.63,7.07,12.52,None
1786541400,2026-08-12 09:30,8.82,9.53,7.6,9.46,None
1786627800,2026-08-13 09:30,6.95,9.87,6.71,9.49,None
1786714200,2026-08-14 09:30,7.07,9.26,6.45,9.18,None
1786973400,2026-08-17 09:30,6.39,8.55,5.4,8.32,None
1787059800,2026-08-18 09:30,7.97,10.25,7.28,10.06,None
1787146200,2026-08-19 09:30,7.19,10,7.04,9.76,None
1787232600,2026-08-20 09:30,8.67,12.5,8.09,12.31,None
1787319000,2026-08-21 09:30,8.23,10.17,7.25,10,None
1787578200,2026-08-24 09:30,7.41,9.06,6.66,8.71,None
1787664600,2026-08-25 09:30,8.71,8.71,6.28,8.41,None
1787751000,2026-08-26 09:30,6.87,12.98,6.68,12.91,None
1787837400,2026-08-27 09:30,8.27,11.81,7.95,11.52,None
1787923800,2026-08-28 09:30,9.98,11.04,7.58,10.21,None
1788183000,2026-08-31 09:30,7.59,9.28,7.1,8.91,None
1788269400,2026-09-01 09:30,8.34,11.85,6.88,10.8,None
1788355800,2026-09-02 09:30,7.77,10.6,7.07,10.43,None
1788442200,2026-09-03 09:30,7.36,10.98,7.06,10.84,None
1788528600,2026-09-04 09:30,7.97,12.47,7.16,12.03,None
1788874200,2026-09-08 09:30,7.02,10.79,6.64,10.43,None
1788960600,2026-09-09 09:30,7.94,11.59,7.23,11.45,None
1789047000,2026-09-10 09:30,9.4,17.67,9.25,17.46,None
1789133400,2026-09-11 09:30,9.54,13.01,8.5,12.98,None
1789392600,2026-09-14 09:30,8.53,12.02,7.72,12.02,None
1789479000,2026-09-15 09:30,7.78,17.47,7.78,17.14,None
1789565400,2026-09-16 09:30,13.68,19.34,12.99,17.01,None
1789651800,2026-09-17 09:30,8.18,13.43,8.13,13.12,None
1789738200,2026-09-18 09:30,8.14,11.45,7.23,11.42,None
1789997400,2026-09-21 09:30,5.88,10.34,5.58,10,None
1790083800,2026-09-22 09:30,6.67,9.04,6.67,8.83,None
1790170200,2026-09-23 09:30,6.14,11.27,5.83,10.71,None
1790256600,2026-09-24 09:30,8.51,12.16,8.18,12.1,None
1790343000,2026-09-25 09:30,7.76,12.51,7.66,12.51,None
1790602200,2026-09-28 09:30,8.37,11.85,7.82,11.27,None
1790688600,2026-09-29 09:30,8.54,11.93,8.46,11.69,None
1790775000,2026-09-30 09:30,8.8,13.34,8.28,12.2,None
1790861400,2026-10-01 09:30,9.89,13.88,9.52,13.85,None
1790947800,2026-10-02 09:30,9.07,11.47,8.9,10.76,None
1791207000,2026-10-05 09:30,7.83,9.39,7.09,8.98,None
1791293400,2026-10-06 09:30,7.17,8.71,6.89,8.69,None
